CODE INSEE;DÉPARTEMENTS;COMMUNES
11086;11;Caves 
11144;11;Fitou 
11145;11;Fleury 
11170;11;Gruissan 
11188;11;La Palme 
11202;11;Leucate 
11262;11;Narbonne 
11266;11;Port-la-Nouvelle 
11322;11;Roquefort-des-Corbières 
13011;13;Les Baux-de-Provence 
13021;13;Carry-le-Rouet 
13022;13;Cassis 
13033;13;Ensuès-la-Redonne 
13053;13;Mallemort 
13058;13;Maussane-les-Alpilles 
13061;13;Saint-Pierre-de-Mézoargues 
13065;13;Mouriès 
13068;13;Paradou 
13090;13;Saint-Antonin-sur-Bayon 
13094;13;Saint-Étienne-du-Grès 
13096;13;Saintes-Maries-de-la-Mer 
13099;13;Saint-Paul-lès-Durance 
13100;13;Saint-Rémy-de-Provence 
13104;13;Sausset-les-Pins 
13111;13;Vauvenargues 
14001;14;Ablon 
14016;14;Annebault 
14019;14;Arganchy 
14021;14;Arromanches-les-Bains 
14022;14;Asnelles 
14024;14;Auberville 
14032;14;Les Authieux-sur-Calonne 
14033;14;Auvillars 
14041;14;Barneville-la-Bertran 
14049;14;Bazenville 
14055;14;Beaumont-en-Auge 
14059;14;Benerville-sur-Mer 
14066;14;Bernières-sur-Mer 
14070;14;Beuvron-en-Auge 
14079;14;Blonville-sur-Mer 
14083;14;Bonnebosq 
14086;14;Bonneville-sur-Touques 
14091;14;Bourgeauville 
14093;14;Branville 
14104;14;Le Brévedent 
14110;14;Brucourt 
14117;14;Cabourg 
14126;14;Cambremer 
14131;14;Canapville 
14161;14;Clarbec 
14166;14;Colleville-Montgomery 
14169;14;Colombiers-sur-Seulles 
14172;14;Commes 
14191;14;Courseulles-sur-Mer 
14193;14;Courtonne-la-Meurdrac 
14198;14;Cresseveuille 
14202;14;Cricquebœuf 
14203;14;Cricqueville-en-Auge 
14218;14;Danestal 
14220;14;Deauville 
14225;14;Dives-sur-Mer 
14227;14;Douville-en-Auge 
14230;14;Drubec 
14231;14;Beaufour-Druval 
14238;14;Englesqueville-en-Auge 
14243;14;Équemauville 
14260;14;Fauguernon 
14269;14;Fierville-les-Parcs 
14280;14;Formentin 
14285;14;Le Fournet 
14286;14;Fourneville 
14293;14;Fumichon 
14298;14;Géfosse-Fontenay 
14299;14;Genneville 
14300;14;Gerrots 
14302;14;Glanville 
14304;14;Gonneville-sur-Honfleur 
14305;14;Gonneville-sur-Mer 
14306;14;Gonneville-en-Auge 
14308;14;Goustranville 
14312;14;Grandcamp-Maisy 
14316;14;Grangues 
14318;14;Graye-sur-Mer 
14325;14;Hermanville-sur-Mer 
14329;14;Heuland 
14333;14;Honfleur 
14335;14;Hotot-en-Auge 
14337;14;La Houblonnière 
14338;14;Houlgate 
14354;14;Langrune-sur-Mer 
14358;14;Léaupartie 
14365;14;Lion-sur-Mer 
14377;14;Longues-sur-Mer 
14384;14;Luc-sur-Mer 
14391;14;Maisons 
14398;14;Manerbe 
14399;14;Manneville-la-Pipard 
14400;14;Le Manoir 
14401;14;Manvieux 
14409;14;Merville-Franceville-Plage 
14426;14;Le Mesnil-sur-Blangy 
14430;14;Meuvaines 
14435;14;Les Monceaux 
14448;14;Montreuil-en-Auge 
14466;14;Norolles 
14484;14;Ouilly-du-Houley 
14488;14;Ouistreham 
14492;14;Pennedepie 
14494;14;Périers-en-Auge 
14500;14;Pierrefitte-en-Auge 
14504;14;Le Pin 
14515;14;Port-en-Bessin-Huppain 
14524;14;Putot-en-Auge 
14533;14;Repentigny 
14534;14;Reux 
14540;14;Rocques 
14541;14;La Roque-Baignard 
14550;14;Rumesnil 
14555;14;Saint-André-d'Hébertot 
14557;14;Saint-Arnoult 
14562;14;Saint-Aubin-sur-Mer 
14563;14;Saint-Benoît-d'Hébertot 
14565;14;Saint-Côme-de-Fresné 
14575;14;Saint-Étienne-la-Thillaye 
14578;14;Saint-Gatien-des-Bois 
14593;14;Saint-Hymer 
14598;14;Saint-Jouin 
14601;14;Saint-Julien-sur-Calonne 
14606;14;Saint-Léger-Dubosq 
14620;14;Saint-Martin-aux-Chartrains 
14645;14;Saint-Pierre-Azif 
14660;14;Saint-Vaast-en-Auge 
14665;14;Sallenelles 
14681;14;Surrain 
14682;14;Surville 
14687;14;Le Theil-en-Auge 
14694;14;Le Torquesne 
14699;14;Touques 
14701;14;Tourgéville 
14706;14;Tourville-en-Auge 
14709;14;Tracy-sur-Mer 
14715;14;Trouville-sur-Mer 
14723;14;Valsemé 
14724;14;Varaville 
14731;14;Vauville 
14739;14;Ver-sur-Mer 
14743;14;Victot-Pontfol 
14745;14;Vierville-sur-Mer 
14748;14;Vieux-Bourg 
14754;14;Villers-sur-Mer 
14755;14;Villerville 
17004;17;Île-d'Aix 
17019;17;Ars-en-Ré 
17021;17;Arvert 
17034;17;Barzan 
17051;17;Le Bois-Plage-en-Ré 
17058;17;Bourcefranc-le-Chapus 
17064;17;Breuillet 
17079;17;Chaillevette 
17093;17;Le Château-d'Oléron 
17098;17;Chenac-Saint-Seurin-d'Uzet 
17121;17;La Couarde-sur-Mer 
17140;17;Dolus-d'Oléron 
17155;17;Étaules 
17161;17;La Flotte 
17168;17;Fouras 
17207;17;Loix 
17219;17;Marennes-Hiers-Brouage 
17225;17;Les Mathes 
17230;17;Meschers-sur-Gironde 
17286;17;Les Portes-en-Ré 
17297;17;Rivedoux-Plage 
17306;17;Royan 
17311;17;Saint-Augustin 
17318;17;Saint-Clément-des-Baleines 
17323;17;Saint-Denis-d'Oléron 
17329;17;Saint-Froult 
17333;17;Saint-Georges-de-Didonne 
17337;17;Saint-Georges-d'Oléron 
17353;17;Saint-Laurent-de-la-Prée 
17360;17;Sainte-Marie-de-Ré 
17369;17;Saint-Martin-de-Ré 
17375;17;Saint-Nazaire-sur-Charente 
17380;17;Saint-Palais-sur-Mer 
17385;17;Saint-Pierre-d'Oléron 
17406;17;Saint-Sornin 
17411;17;Saint-Trojan-les-Bains 
17421;17;Saujon 
17425;17;Semussac 
17437;17;Talmont-sur-Gironde 
17452;17;La Tremblade 
17461;17;Vaux-sur-Mer 
17483;17;Yves 
17484;17;Port-des-Barques 
17485;17;Le Grand-Village-Plage 
17486;17;La Brée-les-Bains 
21003;21;Ahuy 
21347;21;Levernois 
22016;22;Île-de-Bréhat 
22054;22;Erquy 
22055;22;Binic-Étables-sur-Mer 
22085;22;Kerbors 
22094;22;Lancieux 
22103;22;Langrolay-sur-Rance 
22143;22;Matignon 
22162;22;Paimpol 
22166;22;Penvénan 
22168;22;Perros-Guirec 
22174;22;Pléboulle 
22179;22;Fréhel 
22186;22;Pléneuf-Val-André 
22190;22;Pleslin-Trigavou 
22194;22;Plestin-les-Grèves 
22197;22;Pleudihen-sur-Rance 
22198;22;Pleumeur-Bodou 
22201;22;Plévenon 
22209;22;Beaussais-sur-Mer 
22210;22;Ploubazlanec 
22213;22;Plouër-sur-Rance 
22214;22;Plouézec 
22222;22;Plouha 
22242;22;Plurien 
22273;22;Saint-Alban 
22282;22;Saint-Cast-le-Guildo 
22302;22;Saint-Jacut-de-la-Mer 
22325;22;Saint-Quay-Portrieux 
22343;22;Trébeurden 
22353;22;Trégastel 
22363;22;Trélévern 
22377;22;Tréveneuc 
22379;22;Trévou-Tréguignec 
22385;22;La Vicomté-sur-Rance 
25012;25;Les Alliés 
25075;25;Bonnevaux 
25121;25;Chapelle-des-Bois 
25131;25;Châtelblanc 
25142;25;Chaux-Neuve 
25211;25;Échevannes 
25252;25;Fourcatier-et-Maison-Neuve 
25254;25;Les Fourgs 
25263;25;Gellin 
25280;25;Goumois 
25286;25;Grand'Combe-des-Bois 
25295;25;Les Grangettes 
25296;25;Les Gras 
25303;25;Hauterive-la-Fresse 
25307;25;Les Hôpitaux-Neufs 
25308;25;Les Hôpitaux-Vieux 
25318;25;Jougne 
25320;25;Labergement-Sainte-Marie 
25329;25;Laval-le-Prieuré 
25343;25;Longemaison 
25348;25;Longevilles-Mont-d'Or 
25361;25;Malbuisson 
25362;25;Malpas 
25380;25;Métabief 
25405;25;Montperreux 
25413;25;Mouthe 
25442;25;Oye-et-Pallet 
25451;25;Petite-Chaux 
25459;25;La Planée 
25464;25;Les Pontets 
25486;25;Remoray-Boujeons 
25494;25;Rochejean 
25514;25;Saint-Antoine 
25525;25;Saint-Point-Lac 
25534;25;Sarrageois 
25537;25;Scey-Maisières 
25565;25;Touillon-et-Loutelet 
25592;25;Vaux-et-Chantegrue 
25609;25;Verrières-de-Joux 
25619;25;Les Villedieu 
25620;25;Ville-du-Pont 
26003;26;Aleyrac 
26013;26;Arpavon 
26017;26;Aucelon 
26019;26;Aurel 
26020;26;La Répara-Auriples 
26021;26;Autichamp 
26026;26;Barret-de-Lioure 
26028;26;Bathernay 
26040;26;Beaurières 
26047;26;Bellegarde-en-Diois 
26055;26;Boulc 
26059;26;Bouvante 
26065;26;Chabrillan 
26066;26;Le Chaffal 
26070;26;Chamaret 
26073;26;Chantemerle-lès-Grignan 
26074;26;La Chapelle-en-Vercors 
26089;26;Chaudebonne 
26093;26;Clansayes 
26099;26;Colonzelle 
26103;26;Condorcet 
26111;26;Crupies 
26113;26;Die 
26131;26;Eyzahut 
26134;26;Félines-sur-Rimandoule 
26136;26;Val-Maravel 
26137;26;Francillon-sur-Roubion 
26163;26;Léoncel 
26171;26;Manas 
26180;26;Mérindol-les-Oliviers 
26181;26;Mévouillon 
26182;26;Mirabel-aux-Baronnies 
26185;26;Mirmande 
26188;26;Mollans-sur-Ouvèze 
26190;26;Montaulieu 
26200;26;Montfroc 
26203;26;Montjoyer 
26205;26;Montmaur-en-Diois 
26211;26;Montségur-sur-Lauzon 
26214;26;Mornans 
26220;26;Nyons 
26222;26;Orcinas 
26228;26;Pennes-le-Sec 
26233;26;Piégon 
26241;26;Le Poët-Célard 
26243;26;Le Poët-Laval 
26249;26;Pont-de-Barret 
26253;26;Poyols 
26256;26;Propiac 
26261;26;Réauville 
26263;26;Reilhanette 
26264;26;Rémuzat 
26268;26;Rochebaudin 
26269;26;Rochebrune 
26272;26;Rochefort-en-Valdaine 
26275;26;Rochegude 
26277;26;La Roche-sur-Grane 
26279;26;La Rochette-du-Buis 
26284;26;Roussas 
26285;26;Rousset-les-Vignes 
26296;26;Saint-Benoit-en-Diois 
26304;26;Saint-Ferréol-Trente-Pas 
26329;26;Saint-Sauveur-Gouvernet 
26335;26;Salles-sous-Bois 
26342;26;Solérieux 
26343;26;Souspierre 
26344;26;Soyans 
26350;26;Teyssières 
26351;26;Les Tonils 
26352;26;La Touche 
26356;26;Truinas 
26360;26;Valaurie 
26363;26;Valouse 
26370;26;Vercoiran 
26373;26;Vesc 
26377;26;Vinsobres 
27006;27;Aizier 
27010;27;Amécourt 
27048;27;Beauficel-en-Lyons 
27078;27;La Boissière 
27081;27;Boncourt 
27083;27;Bonneville-Aptot 
27100;27;Boulleville 
27111;27;Bretagnolles 
27124;27;Cailly-sur-Eure 
27140;27;Chambray 
27168;27;Connelles 
27171;27;Le Cormier 
27231;27;Fains 
27245;27;Fleury-la-Forêt 
27254;27;Fontaine-sous-Jouy 
27258;27;Fort-Moville 
27259;27;Foucrainville 
27273;27;Gadencourt 
27278;27;Garennes-sur-Eure 
27285;27;Giverny 
27309;27;L'Habit 
27312;27;Hardencourt-Cocherel 
27326;27;Hécourt 
27341;27;L'Hosmes 
27343;27;Houlbec-Cocherel 
27358;27;Jouy-sur-Eure 
27361;27;La Lande-Saint-Léger 
27369;27;Lilly 
27373;27;Lorleau 
27384;27;Manneville-la-Raoult 
27400;27;Merey 
27419;27;Mouettes 
27422;27;Muids 
27429;27;Neuilly 
27432;27;La Neuville-du-Bosc 
27440;27;Notre-Dame-de-l'Isle 
27465;27;Le Plessis-Hébert 
27471;27;Porte-de-Seine 
27501;27;Rouvray 
27543;27;Saint-Georges-Motel 
27544;27;Saint-Germain-de-Fresney 
27591;27;Saint-Pierre-de-Cormeilles 
27635;27;Le Thuit 
27662;27;Triqueville 
27674;27;Vaux-sur-Eure 
27686;27;Vieux-Port 
28036;28;Berchères-sur-Vesgre 
28050;28;Boncourt 
28058;28;Bréchamps 
28118;28;Croisilles 
28146;28;Faverolles 
28178;28;Germainville 
28180;28;Gilles 
28187;28;Guainville 
28208;28;Levainville 
28292;28;Ouerre 
28321;28;Rouvres 
28343;28;Saint-Laurent-la-Gâtine 
28349;28;Saint-Lucien 
28355;28;Saint-Ouen-Marchefroy 
28357;28;Saint-Piat 
28372;28;Senantes 
28377;28;Sorel-Moussel 
28417;28;Villiers-le-Morhier 
29001;29;Argol 
29003;29;Audierne 
29006;29;Bénodet 
29022;29;Camaret-sur-Mer 
29023;29;Carantec 
29031;29;Clohars-Carnoët 
29032;29;Clohars-Fouesnant 
29037;29;Combrit 
29039;29;Concarneau 
29040;29;Le Conquet 
29042;29;Crozon 
29057;29;La Forêt-Fouesnant 
29058;29;Fouesnant 
29060;29;Gouesnach 
29072;29;Guilvinec 
29082;29;Île-de-Batz 
29083;29;Île-de-Sein 
29084;29;Île-Molène 
29085;29;Île-Tudy 
29098;29;Lampaul-Plouarzel 
29104;29;Landévennec 
29109;29;Landunvez 
29112;29;Lanildut 
29130;29;Locmaria-Plouzané 
29135;29;Loctudy 
29150;29;Moëlan-sur-Mer 
29153;29;Névez 
29155;29;Ouessant 
29158;29;Penmarch 
29165;29;Plobannalec-Lesconil 
29177;29;Plouarzel 
29190;29;Plougonvelin 
29221;29;Porspoder 
29236;29;Riec-sur-Bélon 
29238;29;Roscanvel 
29239;29;Roscoff 
29252;29;Saint-Jean-Trolimon 
29256;29;Saint-Nic 
29257;29;Saint-Pabu 
29280;29;Telgruc-sur-Mer 
29284;29;Treffiagat 
29289;29;Trégarvan 
29292;29;Tréguennec 
29293;29;Trégunc 
29298;29;Tréogat 
30001;30;Aigaliers 
30002;30;Aigremont 
30003;30;Aigues-Mortes 
30005;30;Aiguèze 
30010;30;Anduze 
30014;30;Arpaillargues-et-Aureillac 
30021;30;Aubussargues 
30023;30;Aujargues 
30030;30;Baron 
30031;30;La Bastide-d'Engras 
30035;30;Belvézet 
30041;30;Blauzac 
30048;30;Bouquet 
30049;30;Bourdic 
30050;30;Bragassargues 
30054;30;Brouzet-lès-Quissac 
30055;30;Brouzet-lès-Alès 
30056;30;La Bruguière 
30062;30;Calvisson 
30065;30;Canaules-et-Argentières 
30067;30;La Capelle-et-Masmolène 
30069;30;Carnas 
30072;30;Castelnau-Valence 
30073;30;Castillon-du-Gard 
30076;30;Cavillargues 
30085;30;Collias 
30088;30;Combas 
30094;30;Corbès 
30095;30;Corconne 
30102;30;Dions 
30104;30;Domessargues 
30106;30;Durfort-et-Saint-Martin-de-Sossenac 
30109;30;Euzet 
30110;30;Flaux 
30113;30;Fons-sur-Lussan 
30115;30;Fontarèches 
30119;30;Fressac 
30121;30;Gailhan 
30126;30;Garrigues-Sainte-Eulalie 
30127;30;Gaujac 
30129;30;Générargues 
30133;30;Le Grau-du-Roi 
30150;30;Logrian-Florian 
30158;30;Martignargues 
30162;30;Massillargues-Attuech 
30168;30;Mialet 
30174;30;Montaren-et-Saint-Médiers 
30187;30;Navacelles 
30192;30;Orthoux-Sérignac-Quilhan 
30196;30;Le Pin 
30205;30;Pougnadoresse 
30207;30;Pouzilhac 
30222;30;La Roque-sur-Cèze 
30225;30;Sabran 
30228;30;Sainte-Anastasie 
30230;30;Saint-André-de-Roquepertuis 
30232;30;Saint-André-d'Olérargues 
30242;30;Saint-Christol-de-Rodières 
30250;30;Saint-Étienne-de-l'Olm 
30260;30;Saint-Hilaire-d'Ozilhan 
30262;30;Saint-Hippolyte-de-Montaigu 
30265;30;Saint-Jean-de-Crieulon 
30267;30;Saint-Jean-de-Serres 
30275;30;Saint-Just-et-Vacquières 
30276;30;Saint-Laurent-d'Aigouze 
30279;30;Saint-Laurent-la-Vernède 
30286;30;Saint-Maximin 
30287;30;Saint-Michel-d'Euzet 
30289;30;Saint-Nazaire-des-Gardies 
30290;30;Saint-Paulet-de-Caisson 
30291;30;Saint-Paul-la-Coste 
30295;30;Saint-Quentin-la-Poterie 
30298;30;Saint-Sébastien-d'Aigrefeuille 
30299;30;Saint-Siffret 
30301;30;Saint-Victor-des-Oules 
30304;30;Salazac 
30306;30;Salinelles 
30308;30;Sanilhac-Sagriès 
30309;30;Sardan 
30311;30;Sauve 
30314;30;Savignargues 
30317;30;Sernhac 
30318;30;Servas 
30319;30;Serviers-et-Labaume 
30320;30;Seynes 
30324;30;Souvignargues 
30330;30;Tornac 
30334;30;Uzès 
30337;30;Vallabrix 
30338;30;Vallérargues 
30340;30;Valliguières 
30343;30;Verfeuil 
30346;30;Vers-Pont-du-Gard 
31042;31;Bagnères-de-Luchon 
33005;33;Andernos-les-Bains 
33011;33;Arès 
33068;33;Bourideys 
33097;33;Carcans 
33193;33;Grayan-et-l'Hôpital 
33202;33;Hostens 
33203;33;Hourtin 
33214;33;Lacanau 
33229;33;Lanton 
33236;33;Lège-Cap-Ferret 
33300;33;Naujac-sur-Mer 
33333;33;Le Porge 
33490;33;Saint-Vivien-de-Médoc 
33514;33;Soulac-sur-Mer 
33521;33;Talais 
33536;33;Le Tuzan 
33540;33;Vendays-Montalivet 
33541;33;Vensac 
33544;33;Le Verdon-sur-Mer 
34003;34;Agde 
34029;34;Bélarga 
34036;34;Le Bosc 
34039;34;Bouzigues 
34045;34;Cabrières 
34056;34;Castelnau-de-Guers 
34060;34;Causse-de-la-Selle 
34066;34;Cazevieille 
34068;34;Cazouls-d'Hérault 
34081;34;Colombiers 
34103;34;Fontès 
34124;34;Lacoste 
34125;34;Lagamas 
34126;34;Lamalou-les-Bains 
34143;34;Loupian 
34149;34;Margon 
34150;34;Marseillan 
34154;34;Mauguio 
34157;34;Mèze 
34173;34;Montpeyroux 
34181;34;Neffiès 
34182;34;Nézignan-l'Évêque 
34184;34;Nizas 
34186;34;Octon 
34192;34;Palavas-les-Flots 
34207;34;Pomérols 
34209;34;Portiragnes 
34224;34;Puissalicon 
34236;34;Rouet 
34246;34;Entre-Vignes 
34258;34;Saint-Geniès-de-Fontedit 
34268;34;Saint-Jean-de-la-Blaquière 
34283;34;Saint-Pierre-de-la-Fage 
34285;34;Saint-Pons-de-Mauchiens 
34287;34;Saint-Saturnin-de-Lucian 
34297;34;Sauteyrargues 
34299;34;Sérignan 
34311;34;Tourbes 
34315;34;Usclas-d'Hérault 
34316;34;Usclas-du-Bosc 
34317;34;La Vacquerie-et-Saint-Martin-de-Castries 
34318;34;Vacquières 
34324;34;Valras-Plage 
34329;34;Vendres 
34332;34;Vias 
34333;34;Vic-la-Gardiole 
34336;34;Villeneuve-lès-Béziers 
34344;34;La Grande-Motte 
35049;35;Cancale 
35078;35;Cherrueix 
35093;35;Dinard 
35132;35;Hirel 
35181;35;Le Minihic-sur-Rance 
35241;35;La Richardais 
35255;35;Saint-Benoît-des-Ondes 
35256;35;Saint-Briac-sur-Mer 
35263;35;Saint-Coulomb 
35287;35;Saint-Lunaire 
35288;35;Saint-Malo 
35314;35;Saint-Suliac 
35358;35;La Ville-ès-Nonais 
35361;35;Le Vivier-sur-Mer 
35362;35;Le Tronchet 
38002;38;Les Adrets 
38005;38;Allemond 
38006;38;Allevard 
38020;38;Auris 
38040;38;Besse 
38043;38;Bilieu 
38052;38;Le Bourg-d'Oisans 
38090;38;Château-Bernard 
38106;38;Cholonge 
38112;38;Clavans-en-Haut-Oisans 
38129;38;Corrençon-en-Vercors 
38163;38;Le Haut-Bréda 
38173;38;Le Freney-d'Oisans 
38177;38;La Garde 
38186;38;Gresse-en-Vercors 
38187;38;Le Gua 
38191;38;Huez 
38203;38;Laffrey 
38205;38;Lans-en-Vercors 
38206;38;Laval-en-Belledonne 
38208;38;Lavars 
38216;38;Malleval-en-Vercors 
38225;38;Autrans-Méaudre en Vercors 
38237;38;Mizoën 
38253;38;Les Deux Alpes 
38264;38;La Morte 
38266;38;La Motte-Saint-Martin 
38268;38;Le Moutaret 
38280;38;Notre-Dame-de-Vaulx 
38289;38;Oz 
38322;38;Presles 
38325;38;Proveysieux 
38333;38;Rencurel 
38342;38;Roissard 
38350;38;Sainte-Agnès 
38364;38;Saint-Barthélemy-de-Séchilienne 
38375;38;Saint-Christophe-en-Oisans 
38376;38;Saint-Christophe-sur-Guiers 
38395;38;Plateau-des-Petites-Roches 
38402;38;Saint-Jean-de-Vaulx 
38418;38;Sainte-Marie-du-Mont 
38419;38;Saint-Martin-de-Clelles 
38429;38;Saint-Michel-les-Portes 
38433;38;Saint-Nizier-du-Moucherotte 
38438;38;Saint-Paul-lès-Monestier 
38442;38;Saint-Pierre-de-Chartreuse 
38446;38;Saint-Pierre-d'Entremont 
38452;38;Saint-Romain-de-Surieu 
38462;38;Saint-Théoffrey 
38471;38;Le Sappey-en-Chartreuse 
38472;38;Sarcenas 
38478;38;Séchilienne 
38504;38;Theys 
38513;38;Treffort 
38527;38;Vaujany 
38542;38;Veyssilieu 
38548;38;Villard-de-Lans 
38550;38;Villard-Reculas 
38552;38;Villard-Saint-Christophe 
38567;38;Chamrousse 
39046;39;Bellecombe 
39047;39;Bellefontaine 
39052;39;Bief-des-Maisons 
39059;39;Bois-d'Amont 
39085;39;Cerniébaud 
39214;39;Esserval-Tartre 
39221;39;La Favière 
39227;39;Foncine-le-Bas 
39228;39;Foncine-le-Haut 
39237;39;Fraroz 
39274;39;Lajoux 
39275;39;Lamoura 
39297;39;Longchaumois 
39373;39;Les Moussières 
39441;39;Prémanon 
39470;39;Les Rousses 
39510;39;Septmoncel les Molunes 
40008;40;Argelouse 
40019;40;Aureilhan 
40021;40;Azur 
40032;40;Belhade 
40043;40;Bias 
40046;40;Biscarrosse 
40065;40;Capbreton 
40085;40;Commensacq 
40088;40;Dax 
40108;40;Gastes 
40133;40;Labenne 
40150;40;Léon 
40154;40;Lévignacq 
40155;40;Linxe 
40157;40;Lit-et-Mixe 
40163;40;Lüe 
40171;40;Mano 
40181;40;Messanges 
40182;40;Mézos 
40184;40;Mimizan 
40187;40;Moliets-et-Maa 
40200;40;Moustey 
40209;40;Ondres 
40213;40;Orx 
40217;40;Parentis-en-Born 
40257;40;Sainte-Eulalie-en-Born 
40266;40;Saint-Julien-en-Born 
40276;40;Saint-Michel-Escalus 
40279;40;Saint-Paul-lès-Dax 
40287;40;Sanguinet 
40291;40;Saubion 
40295;40;Saugnac-et-Muret 
40296;40;Seignosse 
40303;40;Solférino 
40304;40;Soorts-Hossegor 
40310;40;Soustons 
40317;40;Tosse 
40322;40;Uza 
40326;40;Vielle-Saint-Girons 
40328;40;Vieux-Boucau-les-Bains 
40332;40;Ychoux 
44006;44;Assérac 
44012;44;La Bernerie-en-Retz 
44097;44;Mesquer 
44106;44;Les Moutiers-en-Retz 
44125;44;Piriac-sur-Mer 
44131;44;Pornic 
44183;44;Saint-Molf 
44211;44;La Turballe 
45013;45;Augerville-la-Rivière 
45124;45;Desmonts 
45200;45;Ménestreau-en-Villette 
49028;49;Béhuard 
50003;50;Agon-Coutainville 
50030;50;Barfleur 
50031;50;Barneville-Carteret 
50058;50;Blainville-sur-Mer 
50066;50;Jullouville 
50102;50;Carolles 
50117;50;Champeaux 
50142;50;Vicq-sur-Mer 
50165;50;Donville-les-Bains 
50167;50;Dragey-Ronthon 
50178;50;Fermanville 
50196;50;Gatteville-le-Phare 
50199;50;Genêts 
50218;50;Granville 
50268;50;Lestre 
50342;50;Montfarville 
50412;50;Port-Bail-sur-Mer 
50421;50;Quinéville 
50433;50;Réville 
50471;50;Saint-Georges-de-la-Rivière 
50490;50;Saint-Jean-de-la-Rivière 
50496;50;Saint-Jean-le-Thomas 
50522;50;Saint-Maurice-en-Cotentin 
50532;50;Saint-Pair-sur-Mer 
50562;50;Saint-Vaast-la-Hougue 
50576;50;Siouville-Hague 
56002;56;Ambon 
56003;56;Arradon 
56004;56;Arzal 
56005;56;Arzon 
56008;56;Baden 
56009;56;Bangor 
56013;56;Belz 
56018;56;Billiers 
56030;56;Camoël 
56034;56;Carnac 
56046;56;Crach 
56052;56;Damgan 
56054;56;Erdeven 
56055;56;Étel 
56062;56;Gâvres 
56069;56;Groix 
56078;56;Guidel 
56084;56;Le Hézo 
56085;56;Hœdic 
56086;56;Île-d'Houat 
56087;56;Île-aux-Moines 
56088;56;Île-d'Arz 
56106;56;Larmor-Baden 
56107;56;Larmor-Plage 
56114;56;Locmaria 
56116;56;Locmariaquer 
56119;56;Locoal-Mendon 
56152;56;Le Palais 
56155;56;Pénestin 
56161;56;Ploemel 
56162;56;Ploemeur 
56168;56;Plouharnel 
56169;56;Plouhinec 
56181;56;Port-Louis 
56186;56;Quiberon 
56193;56;Riantec 
56205;56;Saint-Armel 
56214;56;Saint-Gildas-de-Rhuys 
56220;56;Sainte-Hélène 
56233;56;Saint-Philibert 
56234;56;Saint-Pierre-Quiberon 
56240;56;Sarzeau 
56241;56;Sauzon 
56252;56;Le Tour-du-Parc 
56258;56;La Trinité-sur-Mer 
56262;56;Le Bono 
57273;57;Guerstling 
57502;57;Neunkirchen-lès-Bouzonville 
59107;59;Bray-Dunes 
59605;59;Uxem 
60022;60;Apremont 
60095;60;Boury-en-Vexin 
60097;60;Boutencourt 
60140;60;Chambors 
60144;60;Chavençon 
60145;60;Chelles 
60170;60;Courteuil 
60195;60;Delincourt 
60207;60;Éméville 
60208;60;Énencourt-Léage 
60241;60;Fontaine-Chaalis 
60249;60;Foulangues 
60271;60;Gerberoy 
60274;60;Glaignes 
60305;60;Hautefontaine 
60331;60;Labosse 
60420;60;Montjavoult 
60422;60;Montlognon 
60487;60;Parnes 
60512;60;Pouilly 
60516;60;Puiseux-en-Bray 
60543;60;Rocquemont 
60579;60;Saint-Jean-aux-Bois 
60614;60;Serans 
60618;60;Séry-Magneval 
60620;60;Silly-Tillard 
60630;60;Thibivillers 
60659;60;Vaudancourt 
60660;60;Le Vaumain 
61483;61;Bagnoles de l'Orne Normandie 
62025;62;Ambleteuse 
62044;62;Attin 
62052;62;Audembert 
62054;62;Audinghen 
62056;62;Audresselles 
62089;62;Bazinghen 
62108;62;Berck 
62177;62;Brimeux 
62201;62;Camiers 
62233;62;Conchil-le-Temple 
62261;62;Cucq 
62307;62;Escalles 
62444;62;Hervelinghen 
62472;62;Inxent 
62527;62;Longvilliers 
62535;62;La Madelaine-sous-Montreuil 
62554;62;Maresville 
62556;62;Marles-sur-Canche 
62571;62;Merlimont 
62588;62;Montreuil-sur-Mer 
62604;62;Neufchâtel-Hardelot 
62698;62;Recques-sur-Course 
62699;62;Recques-sur-Hem 
62742;62;Saint-Aubin 
62752;62;Saint-Josse 
62774;62;Sangatte 
62806;62;Tardinghen 
62826;62;Le Touquet-Paris-Plage 
62887;62;Widehem 
62893;62;Wimereux 
62899;62;Wissant 
63236;63;Mont-Dore 
64014;64;Ainhoa 
64110;64;Béost 
64124;64;Bidarray 
64240;64;Gère-Bélesten 
64279;64;Itxassou 
64354;64;Louvie-Soubiron 
64485;64;Saint-Jean-Pied-de-Port 
64495;64;Saint-Pée-sur-Nivelle 
64504;64;Sare 
64527;64;Souraïde 
64538;64;Uhart-Cize 
65017;65;Aragnouet 
65018;65;Arbéost 
65022;65;Arcizans-Dessus 
65025;65;Argelès-Gazost 
65112;65;Bun 
65138;65;Cauterets 
65144;65;Cheust 
65168;65;Esquièze-Sère 
65169;65;Estaing 
65176;65;Ferrières 
65182;65;Gaillagos 
65199;65;Germ 
65210;65;Grust 
65282;65;Loudenvielle 
65295;65;Luz-Saint-Sauveur 
65348;65;Ourdis-Cotdoussan 
65349;65;Ourdon 
65388;65;Saint-Lary-Soulan 
65400;65;Salles 
65413;65;Sazos 
65420;65;Sère-en-Lavedan 
65424;65;Sers 
65428;65;Sireix 
65458;65;Uz 
65465;65;Vielle-Aure 
65471;65;Vignec 
65478;65;Viscos 
66001;66;L'Albère 
66004;66;Les Angles 
66016;66;Banyuls-sur-Mer 
66017;66;Le Barcarès 
66020;66;Bolquère 
66024;66;Le Boulou 
66027;66;La Cabanasse 
66032;66;Calmeilles 
66037;66;Canet-en-Roussillon 
66048;66;Cerbère 
66049;66;Céret 
66064;66;Égat 
66067;66;Err 
66072;66;Estavar 
66075;66;Eyne 
66080;66;Fontpédrouse 
66098;66;La Llagonne 
66100;66;Llo 
66102;66;Mantet 
66105;66;Matemale 
66115;66;Montesquieu-des-Albères 
66117;66;Mont-Louis 
66120;66;Nahuja 
66124;66;Font-Romeu-Odeillo-Via 
66126;66;Oms 
66130;66;Osséja 
66132;66;Palau-de-Cerdagne 
66153;66;Prunet-et-Belpuig 
66167;66;Saillagouse 
66181;66;Sainte-Léocadie 
66182;66;Sainte-Marie-la-Mer 
66188;66;Saint-Pierre-dels-Forcats 
66199;66;Taillet 
66202;66;Targasonne 
66209;66;Thuès-Entre-Valls 
66212;66;Torreilles 
66220;66;Valcebollère 
67003;67;Albé 
67032;67;Bernardvillé 
67052;67;Bœrsch 
67062;67;Breitenau 
67122;67;Wangenbourg-Engenthal 
67124;67;Entzheim 
67167;67;Grendelbruch 
67210;67;Le Hohwald 
67227;67;Itterswiller 
67255;67;Lalaye 
67505;67;La Vancelle 
68005;68;Ammerschwihr 
68028;68;Bergheim 
68078;68;Eguisheim 
68147;68;Hunawihr 
68161;68;Katzenthal 
68165;68;Kiffis 
68173;68;Labaroche 
68188;68;Linthal 
68190;68;Lucelle 
68216;68;Mooslargue 
68229;68;Murbach 
68230;68;Nambsheim 
68277;68;Riquewihr 
68311;68;Sondernach 
68338;68;Turckheim 
69134;69;Moiré 
69166;69;Riverie 
69180;69;Saint-André-la-Côte 
69230;69;Sainte-Paule 
69265;69;Ville-sur-Jarnioux 
73001;73;Aiguebelette-le-Lac 
73003;73;Grand-Aigueblanche 
73004;73;Aillon-le-Jeune 
73005;73;Aillon-le-Vieux 
73006;73;Aime-la-Plagne 
73012;73;Albiez-le-Jeune 
73013;73;Albiez-Montrond 
73015;73;Les Allues 
73020;73;Arith 
73022;73;Attignat-Oncin 
73023;73;Aussois 
73024;73;Les Avanchers-Valmorel 
73025;73;Avressieux 
73026;73;Avrieux 
73027;73;Ayn 
73032;73;La Bâthie 
73034;73;Beaufort 
73036;73;Bellecombe-en-Bauges 
73040;73;Bessans 
73047;73;Bonneval-sur-Arc 
73052;73;Bourget-en-Huile 
73054;73;Bourg-Saint-Maurice 
73055;73;Bozel 
73057;73;Brides-les-Bains 
73063;73;Cevins 
73071;73;Champagny-en-Vanoise 
73072;73;Champ-Laurent 
73073;73;Chanaz 
73076;73;La Chapelle-du-Mont-du-Chat 
73077;73;Les Chapelles 
73081;73;Le Châtelard 
73085;73;Chindrieux 
73086;73;Cléry 
73088;73;Cohennoz 
73090;73;La Compôte 
73091;73;Conjux 
73092;73;Corbel 
73094;73;Crest-Voland 
73097;73;Curienne 
73098;73;Les Déserts 
73101;73;Doucy-en-Bauges 
73104;73;Dullin 
73106;73;École 
73107;73;Entremont-le-Vieux 
73110;73;Esserts-Blay 
73113;73;Feissons-sur-Salins 
73114;73;Flumet 
73116;73;Fontcouverte-la-Toussuire 
73122;73;Gerbaix 
73123;73;La Giettaz 
73131;73;Hautecour 
73132;73;Hauteluce 
73135;73;La Tour-en-Maurienne 
73138;73;Jarrier 
73139;73;Jarsy 
73142;73;Landry 
73145;73;Lépin-le-Lac 
73146;73;Lescheraines 
73150;73;La Plagne Tarentaise 
73152;73;Marcieux 
73156;73;Meyrieux-Trouet 
73161;73;Montagny 
73164;73;Montcel 
73166;73;Montendry 
73168;73;Montgilbert 
73173;73;Montricher-Albanne 
73175;73;Montsapey 
73176;73;Montvalezan 
73178;73;La Motte-en-Bauges 
73180;73;Motz 
73184;73;Nances 
73186;73;Notre-Dame-de-Bellecombe 
73187;73;La Léchère 
73190;73;Notre-Dame-du-Pré 
73191;73;Novalaise 
73192;73;Le Noyer 
73193;73;Ontex 
73194;73;Orelle 
73197;73;Peisey-Nancroix 
73201;73;Planay 
73202;73;Plancherine 
73205;73;Le Pontet 
73206;73;Pralognan-la-Vanoise 
73210;73;Puygros 
73211;73;Queige 
73218;73;Ruffieux 
73219;73;Saint-Alban-de-Montbel 
73221;73;Saint-Alban-des-Villards 
73223;73;Saint-André 
73227;73;Courchevel 
73230;73;Saint-Colomban-des-Villards 
73232;73;Sainte-Foy-Tarentaise 
73234;73;Saint-François-de-Sales 
73235;73;Saint François Longchamp 
73237;73;Saint-Georges-d'Hurtières 
73242;73;Saint-Jean-d'Arves 
73245;73;Saint-Jean-de-Chevelu 
73254;73;Sainte-Marie-d'Alvey 
73257;73;Les Belleville 
73259;73;Saint-Martin-sur-la-Chambre 
73262;73;Saint-Nicolas-la-Chapelle 
73263;73;Saint-Offenge 
73267;73;Saint-Pancrace 
73268;73;Saint-Paul-sur-Isère 
73271;73;Saint-Pierre-d'Alvey 
73272;73;Saint-Pierre-de-Belleville 
73273;73;Saint-Pierre-de-Curtille 
73274;73;Saint-Pierre-d'Entremont 
73277;73;Sainte-Reine 
73280;73;Saint-Sorlin-d'Arves 
73284;73;Salins-Fontaine 
73285;73;Séez 
73289;73;La Table 
73290;73;Val-Cenis 
73293;73;Thoiry 
73294;73;La Thuile 
73296;73;Tignes 
73302;73;La Trinité 
73304;73;Val-d'Isère 
73306;73;Valloire 
73307;73;Valmeinier 
73311;73;Le Verneil 
73313;73;Verthemex 
73317;73;Villard-sur-Doron 
73318;73;Villarembert 
73322;73;Villarodin-Bourget 
73323;73;Villaroger 
74001;74;Abondance 
74003;74;Alex 
74004;74;Allèves 
74014;74;Arâches-la-Frasse 
74025;74;Ballaison 
74027;74;La Balme-de-Thuy 
74030;74;La Baume 
74032;74;Bellevaux 
74033;74;Bernex 
74034;74;Le Biot 
74036;74;Bluffy 
74038;74;Bogève 
74041;74;Bonnevaux 
74045;74;Le Bouchet-Mont-Charvin 
74049;74;Brizon 
74050;74;Burdignin 
74051;74;Cercier 
74056;74;Chamonix-Mont-Blanc 
74058;74;La Chapelle-d'Abondance 
74059;74;La Chapelle-Rambaud 
74063;74;Châtel 
74065;74;Chaumont 
74070;74;Chens-sur-Léman 
74071;74;Chessenaz 
74073;74;Chevenoz 
74077;74;Clarafond-Arcine 
74079;74;Les Clefs 
74080;74;La Clusaz 
74083;74;Combloux 
74085;74;Les Contamines-Montjoie 
74089;74;Cordon 
74091;74;La Côte-d'Arbroz 
74099;74;Demi-Quartier 
74100;74;Desingy 
74102;74;Dingy-Saint-Clair 
74111;74;Entrevernes 
74114;74;Essert-Romand 
74129;74;La Forclaz 
74134;74;Les Gets 
74135;74;Giez 
74136;74;Le Grand-Bornand 
74139;74;Habère-Lullin 
74140;74;Habère-Poche 
74143;74;Les Houches 
74148;74;Leschaux 
74155;74;Lullin 
74159;74;Magland 
74160;74;Manigod 
74167;74;Val de Chaise 
74173;74;Megève 
74174;74;Mégevette 
74175;74;Meillerie 
74176;74;Menthon-Saint-Bernard 
74180;74;Messery 
74183;74;Mieussy 
74184;74;Minzier 
74188;74;Montriond 
74189;74;Mont-Saxonnex 
74190;74;Morillon 
74191;74;Morzine 
74193;74;La Muraz 
74196;74;Nancy-sur-Cluses 
74199;74;Nernier 
74203;74;Novel 
74205;74;Onnion 
74206;74;Orcier 
74208;74;Passy 
74212;74;Glières-Val-de-Borne 
74215;74;Praz-sur-Arly 
74221;74;Le Reposoir 
74222;74;Reyvroz 
74223;74;La Rivière-Enverse 
74232;74;Saint-Eustache 
74234;74;Saint-Ferréol 
74236;74;Saint-Gervais-les-Bains 
74237;74;Saint-Gingolph 
74238;74;Saint-Jean-d'Aulps 
74239;74;Saint-Jean-de-Sixt 
74241;74;Saint-Jeoire 
74249;74;Saint-Paul-en-Chablais 
74252;74;Saint-Sigismond 
74254;74;Saint-Sylvestre 
74256;74;Sallanches 
74258;74;Samoëns 
74259;74;Le Sappey 
74261;74;Saxel 
74265;74;Serraval 
74266;74;Servoz 
74271;74;Seytroux 
74273;74;Sixt-Fer-à-Cheval 
74275;74;Talloires-Montmin 
74276;74;Taninges 
74279;74;Thollon-les-Mémises 
74280;74;Thônes 
74285;74;Usinens 
74286;74;Vacheresse 
74287;74;Vailly 
74290;74;Vallorcine 
74293;74;Veigy-Foncenex 
74294;74;Verchaix 
74295;74;La Vernaz 
74296;74;Vers 
74299;74;Veyrier-du-Lac 
74301;74;Villard 
74302;74;Les Villards-sur-Thônes 
74308;74;Vinzier 
74313;74;Vovray-en-Bornes 
74315;74;Yvoire 
76015;76;Angiens 
76032;76;Auberville-la-Manuel 
76079;76;Bénouville 
76104;76;Blosseville 
76117;76;Bordeaux-Saint-Clair 
76133;76;Le Bourg-Dun 
76172;76;La Chapelle-sur-Dun 
76192;76;Criel-sur-Mer 
76254;76;Étretat 
76336;76;Gueutteville-les-Grès 
76375;76;Ingouville 
76395;76;Longueil 
76403;76;Malleville-les-Grès 
76406;76;Maniquerville 
76428;76;Le Mesnil-Durdent 
76493;76;Paluel 
76501;76;Pierrefiques 
76508;76;La Poterie-Cap-d'Antifer 
76515;76;Quiberville 
76519;76;Rainfreville 
76564;76;Saint-Aubin-sur-Mer 
76572;76;Saint-Denis-d'Aclon 
76605;76;Sainte-Marguerite-sur-Mer 
76613;76;Saint-Martin-aux-Buneaux 
76637;76;Saint-Pierre-en-Port 
76641;76;Saint-Pierre-le-Vieux 
76653;76;Saint-Vaast-Dieppedalle 
76655;76;Saint-Valery-en-Caux 
76663;76;Sassetot-le-Mauconduit 
76683;76;Sotteville-sur-Mer 
76720;76;Varengeville-sur-Mer 
76726;76;Vattetot-sur-Mer 
76732;76;Butot-Vénesville 
76735;76;Veules-les-Roses 
76736;76;Veulettes-sur-Mer 
76741;76;Villainville 
76746;76;Vinnemerville 
76748;76;Vittefleur 
76754;76;Yport 
77001;77;Achères-la-Forêt 
77003;77;Amponville 
77013;77;Aulnoy 
77019;77;Balloy 
77022;77;Barbizon 
77041;77;Boissy-aux-Cailles 
77043;77;Boitron 
77046;77;Boulancourt 
77048;77;Bourron-Marlotte 
77068;77;Cessoy-en-Montois 
77080;77;Champcenest 
77087;77;La Chapelle-Iger 
77134;77;Courchamp 
77138;77;Courtomer 
77140;77;Coutençon 
77156;77;Darvault 
77161;77;Dormelles 
77179;77;Féricy 
77185;77;Fleury-en-Bière 
77188;77;Fontaine-le-Port 
77212;77;Gravon 
77244;77;Larchant 
77278;77;Marolles-en-Brie 
77328;77;Nanteau-sur-Essonne 
77329;77;Nanteau-sur-Lunain 
77339;77;Noisy-sur-École 
77343;77;Ocquerre 
77353;77;Paley 
77354;77;Pamfou 
77386;77;Recloses 
77395;77;Rumont 
77398;77;Sablonnières 
77401;77;Sainte-Aulde 
77416;77;Saint-Just-en-Brie 
77434;77;Saint-Sauveur-lès-Bray 
77441;77;Samois-sur-Seine 
77454;77;Sognolles-en-Montois 
77461;77;Thénisy 
77467;77;La Tombe 
77473;77;Treuzy-Levelay 
77485;77;Le Vaudoué 
77504;77;Villemaréchal 
77520;77;Villiers-sous-Grez 
78006;78;Adainville 
78076;78;Boissets 
78077;78;La Boissière-École 
78096;78;Bourdonné 
78164;78;Clairefontaine-en-Yvelines 
78171;78;Condé-sur-Vesgre 
78185;78;Courgent 
78188;78;Cravent 
78237;78;Flins-Neuve-Église 
78264;78;Gambaiseuil 
78285;78;Gressey 
78289;78;Grosrouvre 
78302;78;La Hauteville 
78305;78;Herbeville 
78307;78;Hermeray 
78329;78;Lainville-en-Vexin 
78398;78;Les Mesnuls 
78404;78;Millemont 
78407;78;Mittainville 
78410;78;Moisson 
78415;78;Montainville 
78417;78;Montchauvet 
78497;78;Poigny-la-Forêt 
78516;78;Raizeux 
78522;78;Rochefort-en-Yvelines 
78530;78;Rosay 
78536;78;Sailly 
78558;78;Saint-Illiers-la-Ville 
78562;78;Saint-Léger-en-Yvelines 
78565;78;Saint-Martin-des-Champs 
78606;78;Le Tartre-Gaudran 
78608;78;Le Tertre-Saint-Denis 
78618;78;Tilly 
80039;80;Ault 
80181;80;Cayeux-en-Santerre 
80182;80;Cayeux-sur-Mer 
80192;80;Chipilly 
80228;80;Le Crotoy 
80244;80;Dominois 
80287;80;Estrébœuf 
80303;80;Favières 
80333;80;Fort-Mahon-Plage 
80464;80;Lanchères 
80497;80;Machy 
80533;80;Mers-les-Bains 
80600;80;Noyelles-sur-Mer 
80631;80;Ponches-Estruval 
80649;80;Quend 
80665;80;Regnière-Écluse 
80713;80;Saint-Quentin-en-Tourmont 
80721;80;Saint-Valery-sur-Somme 
80784;80;Vaux-sur-Somme 
80806;80;Villers-sur-Authie 
80826;80;Woignarue 
83001;83;Les Adrets-de-l'Estérel 
83002;83;Aiguines 
83003;83;Ampus 
83005;83;Artignosc-sur-Verdon 
83007;83;Aups 
83008;83;Bagnols-en-Forêt 
83010;83;Bargème 
83011;83;Bargemon 
83012;83;Barjols 
83013;83;La Bastide 
83014;83;Baudinard-sur-Verdon 
83015;83;Bauduen 
83018;83;Besse-sur-Issole 
83019;83;Bormes-les-Mimosas 
83020;83;Le Bourguet 
83021;83;Bras 
83022;83;Brenon 
83028;83;Callas 
83029;83;Callian 
83032;83;Carcès 
83036;83;Cavalaire-sur-Mer 
83038;83;Châteaudouble 
83039;83;Châteauvert 
83040;83;Châteauvieux 
83041;83;Claviers 
83042;83;Cogolin 
83043;83;Collobrières 
83044;83;Comps-sur-Artuby 
83045;83;Correns 
83046;83;Cotignac 
83048;83;La Croix-Valmer 
83051;83;Entrecasteaux 
83052;83;Esparron 
83055;83;Fayence 
83056;83;Figanières 
83057;83;Flassans-sur-Issole 
83059;83;Forcalqueiret 
83060;83;Fox-Amphoux 
83063;83;La Garde-Freinet 
83065;83;Gassin 
83066;83;Ginasservis 
83068;83;Grimaud 
83070;83;Le Lavandou 
83071;83;La Londe-les-Maures 
83072;83;Lorgues 
83074;83;La Martre 
83075;83;Les Mayons 
83076;83;Mazaugues 
83078;83;Moissac-Bellevue 
83079;83;La Môle 
83080;83;Mons 
83081;83;Montauroux 
83083;83;Montfort-sur-Argens 
83084;83;Montmeyan 
83087;83;Nans-les-Pins 
83093;83;Plan-d'Aups-Sainte-Baume 
83094;83;Le Plan-de-la-Tour 
83095;83;Pontevès 
83101;83;Ramatuelle 
83102;83;Régusse 
83104;83;Rians 
83105;83;Riboux 
83107;83;Roquebrune-sur-Argens 
83108;83;La Roquebrussanne 
83109;83;La Roque-Esclapon 
83111;83;Sainte-Anastasie-sur-Issole 
83113;83;Saint-Julien 
83114;83;Saint-Martin-de-Pallières 
83115;83;Sainte-Maxime 
83117;83;Saint-Paul-en-Forêt 
83119;83;Saint-Tropez 
83121;83;Salernes 
83122;83;Les Salles-sur-Verdon 
83124;83;Seillans 
83127;83;Signes 
83128;83;Sillans-la-Cascade 
83133;83;Tanneron 
83134;83;Taradeau 
83135;83;Tavernes 
83136;83;Le Thoronet 
83138;83;Tourrettes 
83139;83;Tourtour 
83140;83;Tourves 
83142;83;Trigance 
83146;83;La Verdière 
83147;83;Vérignon 
83148;83;Vidauban 
83149;83;Villecroze 
83152;83;Rayol-Canadel-sur-Mer 
83154;83;Saint-Antonin-du-Var 
84002;84;Ansouis 
84005;84;Aurel 
84006;84;Auribeau 
84008;84;Le Barroux 
84009;84;La Bastide-des-Jourdans 
84011;84;Le Beaucet 
84014;84;Beaumont-de-Pertuis 
84015;84;Beaumont-du-Ventoux 
84017;84;Bédoin 
84018;84;Blauvac 
84020;84;Bonnieux 
84022;84;Buisson 
84023;84;Buoux 
84024;84;Cabrières-d'Aigues 
84028;84;Cairanne 
84032;84;Caseneuve 
84033;84;Castellet-en-Luberon 
84040;84;Crestet 
84041;84;Crillon-le-Brave 
84042;84;Cucuron 
84044;84;Entrechaux 
84045;84;Faucon 
84046;84;Flassan 
84047;84;Gargas 
84048;84;Gignac 
84049;84;Gigondas 
84052;84;Grambois 
84057;84;Joucas 
84058;84;Lacoste 
84059;84;Lafare 
84060;84;Lagarde-d'Apt 
84061;84;Lagarde-Paréol 
84065;84;Lauris 
84066;84;Lioux 
84068;84;Lourmarin 
84069;84;Malaucène 
84070;84;Malemort-du-Comtat 
84074;84;Mérindol 
84075;84;Méthamis 
84079;84;Monieux 
84084;84;La Motte-d'Aigues 
84085;84;Murs 
84090;84;Peypin-d'Aigues 
84093;84;Puget 
84094;84;Puyméras 
84095;84;Puyvert 
84096;84;Rasteau 
84097;84;Richerenches 
84098;84;Roaix 
84100;84;La Roque-Alric 
84101;84;La Roque-sur-Pernes 
84102;84;Roussillon 
84103;84;Rustrel 
84104;84;Sablet 
84105;84;Saignon 
84107;84;Saint-Christol 
84109;84;Saint-Hippolyte-le-Graveyron 
84110;84;Saint-Léger-du-Ventoux 
84111;84;Saint-Marcellin-lès-Vaison 
84112;84;Saint-Martin-de-Castillon 
84113;84;Saint-Martin-de-la-Brasque 
84115;84;Saint-Pierre-de-Vassols 
84116;84;Saint-Romain-en-Viennois 
84117;84;Saint-Roman-de-Malegarde 
84118;84;Saint-Saturnin-lès-Apt 
84120;84;Saint-Trinit 
84121;84;Sannes 
84123;84;Sault 
84125;84;Savoillan 
84126;84;Séguret 
84128;84;Sivergues 
84130;84;Suzette 
84137;84;Vaison-la-Romaine 
84140;84;Vaugines 
84143;84;Venasque 
84144;84;Viens 
84145;84;Villars 
84146;84;Villedieu 
84148;84;Villes-sur-Auzon 
84151;84;Vitrolles-en-Lubéron 
85001;85;L'Aiguillon-la-Presqu'île 
85002;85;L'Aiguillon-sur-Vie 
85004;85;Angles 
85010;85;Avrillé 
85011;85;Barbâtre 
85012;85;La Barre-de-Monts 
85022;85;Le Bernard 
85029;85;Bouin 
85035;85;Bretignolles-sur-Mer 
85045;85;La Chaize-Giraud 
85062;85;Châteauneuf 
85083;85;L'Épine 
85100;85;Givrand 
85101;85;Le Givre 
85104;85;Grues 
85106;85;La Guérinière 
85113;85;L'Île-d'Yeu 
85114;85;Jard-sur-Mer 
85120;85;Landevieille 
85127;85;Longeville-sur-Mer 
85163;85;Noirmoutier-en-l'Île 
85164;85;Notre-Dame-de-Monts 
85172;85;Le Perrier 
85179;85;Poiroux 
85189;85;Notre-Dame-de-Riez 
85194;85;Les Sables-d'Olonne 
85222;85;Saint-Gilles-Croix-de-Vie 
85226;85;Saint-Hilaire-de-Riez 
85231;85;Saint-Hilaire-la-Forêt 
85234;85;Saint-Jean-de-Monts 
85243;85;Brem-sur-Mer 
85273;85;Saint-Urbain 
85278;85;Saint-Vincent-sur-Jard 
85288;85;Talmont-Saint-Hilaire 
85294;85;La Tranche-sur-Mer 
88196;88;Gérardmer 
88492;88;Le Valtin 
88531;88;Xonrupt-Longemer 
91022;91;Arrancourt 
91069;91;Boigneville 
91079;91;Boissy-la-Rivière 
91121;91;Buno-Bonnevaux 
91130;91;Chalo-Saint-Mars 
91180;91;Courances 
91184;91;Courdimanche-sur-Essonne 
91248;91;La Forêt-Sainte-Croix 
91469;91;Ormoy-la-Rivière 
91473;91;Orveau 
91508;91;Puiselet-le-Marais 
91519;91;Richarville 
91540;91;Saint-Chéron 
91578;91;Saint-Sulpice-de-Favières 
91629;91;Valpuiseaux 
91654;91;Videlles 
95150;95;Chaussy 
95157;95;Chérence 
95295;95;Guiry-en-Vexin 
95301;95;Haute-Isle 
95429;95;Montreuil-sur-Epte 
95462;95;Omerville 
95523;95;La Roche-Guyon 
95651;95;Vétheuil 
95656;95;Vienne-en-Arthies 
95676;95;Villers-en-Arthies 
95690;95;Wy-dit-Joli-Village 
97102;971;Anse-Bertrand 
97108;971;Capesterre-de-Marie-Galante 
97110;971;La Désirade 
97111;971;Deshaies 
97112;971;Grand-Bourg 
97126;971;Saint-Louis 
97130;971;Terre-de-Bas 
97131;971;Terre-de-Haut 
97202;972;Les Anses-d'Arlet 
97204;972;Le Carbet 
97206;972;Le Diamant 
97208;972;Fonds-Saint-Denis 
97231;972;Les Trois-Îlets 
97233;972;Le Morne-Vert 
97301;973;Régina 
01030;01;Beauregard
01043;01;Beynost
01045;01;Birieux 
01049;01;La Boisse
01104;01;Chézery-Forens 
01118;01;Corbonod 
01142;01;Dagneux
01143;01;Divonne-les-Bains 
01157;01;Fareins
01160;01;Ferney-Voltaire
01162;01;Flaxieu 
01166;01;Frans
01174;01;Giron 
01180;01;Grilly 
01187;01;Haut Valromey 
01194;01;Jassans-Riottier
01198;01;Joyeux 
01210;01;Lélex 
01215;01;Surjoux-Lhopital 
01238;01;Massieux
01247;01;Mijoux 
01249;01;Miribel
01250;01;Misérieux
01257;01;Montanges 
01262;01;Montluel
01275;01;Neyron
01281;01;Ornex
01285;01;Parcieux
01308;01;Pougny 
01313;01;Prévessin-Moëns
01322;01;Reyrieux
01339;01;Saint-Bernard
01347;01;Saint-Didier-de-Formans
01353;01;Sainte-Euphémie
01354;01;Saint-Genis-Pouilly
01376;01;Saint-Maurice-de-Beynost
01397;01;Sauverny 
01401;01;Sergy
01415;01;Talissieu 
01419;01;Thoiry
01423;01;Toussieux
01427;01;Trévoux
01453;01;Arvière-en-Valromey 
02528;02;Mortefontaine 
02729;02;Soucy 
02744;02;Torcy-en-Valois 
02822;02;Vivières 
04004;04;Allemagne-en-Provence 
04005;04;Allons 
04006;04;Allos 
04008;04;Annot 
04012;04;Aubenas-les-Alpes 
04019;04;Barcelonnette 
04030;04;Blieux 
04031;04;Bras-d'Asse 
04033;04;Ubaye-Serre-Ponçon 
04035;04;Brunet 
04039;04;Castellane 
04041;04;Le Castellet 
04043;04;Val-de-Chalvagne 
04045;04;Céreste 
04062;04;La Condamine-Châtelard 
04065;04;Cruis 
04068;04;Dauphin 
04073;04;Enchastrayes 
04077;04;Entrevennes 
04081;04;Esparron-de-Verdon 
04084;04;Estoublon 
04085;04;Faucon-du-Caire 
04086;04;Faucon-de-Barcelonnette 
04087;04;Fontienne 
04092;04;La Garde 
04093;04;Gigors 
04094;04;Gréoux-les-Bains 
04095;04;L'Hospitalet 
04096;04;Jausiers 
04101;04;Lardiers 
04104;04;Limans 
04106;04;Lurs 
04109;04;Mallefougasse-Augès 
04111;04;Mane 
04120;04;Val d'Oronaye 
04124;04;Montagnac-Montpezat 
04128;04;Montfuron 
04129;04;Montjustin 
04130;04;Montlaux 
04133;04;Moriez 
04135;04;Moustiers-Sainte-Marie 
04138;04;Niozelles 
04141;04;Ongles 
04142;04;Oppedette 
04144;04;La Palud-sur-Verdon 
04148;04;Peyroules 
04151;04;Pierrerue 
04154;04;Pontis 
04156;04;Puimichel 
04157;04;Puimoisson 
04158;04;Quinson 
04162;04;Revest-des-Brousses 
04163;04;Revest-du-Bion 
04164;04;Revest-Saint-Martin 
04166;04;Riez 
04169;04;La Rochegiron 
04171;04;Rougon 
04172;04;Roumoules 
04175;04;Sainte-Croix-à-Lauze 
04176;04;Sainte-Croix-du-Verdon 
04178;04;Saint-Étienne-les-Orgues 
04181;04;Saint-Jeannet 
04182;04;Saint-Julien-d'Asse 
04183;04;Saint-Julien-du-Verdon 
04186;04;Saint-Laurent-du-Verdon 
04188;04;Saint-Maime 
04189;04;Saint-Martin-de-Brômes 
04190;04;Saint-Martin-les-Eaux 
04191;04;Saint-Martin-lès-Seyne 
04192;04;Saint-Michel-l'Observatoire 
04193;04;Saint-Paul-sur-Ubaye 
04195;04;Saint-Pons 
04199;04;Saint-Vincent-sur-Jabron 
04201;04;Saumane 
04206;04;Sigonce 
04208;04;Simiane-la-Rotonde 
04210;04;Soleilhas 
04220;04;Les Thuiles 
04226;04;Uvernet-Fours 
04229;04;Valbelle 
04236;04;Vergons 
05001;05;Abriès-Ristolas 
05003;05;Aiguilles 
05004;05;Ancelle 
05007;05;Arvieux 
05012;05;Baratier 
05023;05;Briançon 
05024;05;Valdoule 
05025;05;Buissard 
05026;05;Ceillac 
05027;05;Cervières 
05029;05;Chabottes 
05031;05;Champcella 
05032;05;Champoléon 
05036;05;Châteauroux-les-Alpes 
05038;05;Château-Ville-Vieille 
05039;05;Aubessagne 
05040;05;Chorges 
05044;05;Crévoux 
05045;05;Crots 
05046;05;Embrun 
05052;05;Eygliers 
05056;05;Forest-Saint-Julien 
05058;05;Freissinières 
05063;05;La Grave 
05064;05;La Chapelle-en-Valgaudémar 
05065;05;Guillestre 
05072;05;Laye 
05077;05;Molines-en-Queyras 
05079;05;Le Monêtier-les-Bains 
05082;05;Mont-Dauphin 
05084;05;Montgardin 
05085;05;Montgenèvre 
05090;05;La Motte-en-Champsaur 
05093;05;Névache 
05095;05;Le Noyer 
05096;05;Orcières 
05098;05;Les Orres 
05101;05;Vallouise-Pelvoux 
05104;05;Poligny 
05106;05;Prunières 
05107;05;Puy-Saint-André 
05108;05;Puy-Saint-Eusèbe 
05109;05;Puy-Saint-Pierre 
05110;05;Puy-Saint-Vincent 
05111;05;Puy-Sanières 
05112;05;Rabou 
05114;05;Réallon 
05116;05;Réotier 
05119;05;Risoul 
05121;05;Rochebrune 
05122;05;La Roche-de-Rame 
05123;05;La Roche-des-Arnauds 
05127;05;Rousset 
05128;05;Saint-André-d'Embrun 
05130;05;Saint-Apollinaire 
05131;05;Saint-Auban-d'Oze 
05132;05;Saint-Bonnet-en-Champsaur 
05133;05;Saint-Chaffrey 
05134;05;Saint-Clément-sur-Durance 
05136;05;Saint-Crépin 
05139;05;Dévoluy 
05142;05;Saint-Firmin 
05144;05;Saint-Jacques-en-Valgodemard 
05145;05;Saint-Jean-Saint-Nicolas 
05146;05;Saint-Julien-en-Beauchêne 
05147;05;Saint-Julien-en-Champsaur 
05148;05;Saint-Laurent-du-Cros 
05149;05;Saint-Léger-les-Mélèzes 
05151;05;Saint-Martin-de-Queyrières 
05153;05;Saint-Michel-de-Chaillol 
05156;05;Saint-Sauveur 
05157;05;Saint-Véran 
05161;05;La Salle-les-Alpes 
05163;05;Le Sauze-du-Lac 
05164;05;Savines-le-Lac 
05168;05;Sigoyer 
05171;05;Théus 
05174;05;Val-des-Prés 
05177;05;Vars 
05180;05;Les Vigneaux 
05181;05;Villar-d'Arêne 
05183;05;Villar-Saint-Pancrace 
05184;05;Vitrolles 
06001;06;Aiglun 
06002;06;Amirat 
06003;06;Andon 
06004;06;Antibes
06005;06;Ascros 
06006;06;Aspremont
06007;06;Auribeau-sur-Siagne
06008;06;Auvare 
06009;06;Bairols 
06010;06;Le Bar-sur-Loup
06011;06;Beaulieu-sur-Mer
06012;06;Beausoleil
06013;06;Belvédère 
06014;06;Bendejun 
06015;06;Berre-les-Alpes
06016;06;Beuil 
06017;06;Bézaudun-les-Alpes 
06018;06;Biot
06020;06;La Bollène-Vésubie 
06021;06;Bonson 
06022;06;Bouyon 
06023;06;Breil-sur-Roya 
06024;06;Briançonnet 
06025;06;Le Broc 
06026;06;Cabris
06027;06;Cagnes-sur-Mer
06028;06;Caille 
06029;06;Cannes
06030;06;Le Cannet
06031;06;Cantaron
06032;06;Cap-d'Ail
06033;06;Carros
06034;06;Castagniers
06035;06;Castellar
06036;06;Castillon 
06037;06;Caussols 
06038;06;Châteauneuf-Grasse
06039;06;Châteauneuf-Villevieille
06040;06;Châteauneuf-d'Entraunes 
06041;06;Cipières 
06042;06;Clans 
06043;06;Coaraze 
06044;06;La Colle-sur-Loup
06045;06;Collongues 
06046;06;Colomars
06047;06;Conségudes 
06048;06;Contes
06049;06;Courmes 
06050;06;Coursegoules 
06051;06;La Croix-sur-Roudoule 
06052;06;Cuébris 
06054;06;Drap
06055;06;Duranus 
06056;06;Entraunes 
06058;06;Escragnolles 
06059;06;Èze
06060;06;Falicon
06061;06;Les Ferres 
06063;06;Gars 
06064;06;Gattières
06065;06;La Gaude
06066;06;Gilette 
06067;06;Gorbio
06068;06;Gourdon
06069;06;Grasse
06070;06;Gréolières 
06071;06;Guillaumes 
06072;06;Ilonse 
06073;06;Isola 
06074;06;Lantosque 
06075;06;Levens 
06076;06;Lieuche 
06077;06;Lucéram 
06078;06;Malaussène 
06079;06;Mandelieu-la-Napoule
06080;06;Marie 
06081;06;Le Mas 
06082;06;Massoins 
06083;06;Menton
06084;06;Mouans-Sartoux
06085;06;Mougins
06086;06;Moulinet 
06087;06;Les Mujouls 
06088;06;Nice
06089;06;Opio
06090;06;Pégomas
06091;06;Peille 
06092;06;Peillon 
06093;06;La Penne 
06094;06;Péone 
06095;06;Peymeinade
06096;06;Pierlas 
06097;06;Pierrefeu 
06098;06;Puget-Rostang 
06099;06;Puget-Théniers 
06100;06;Revest-les-Roches 
06101;06;Rigaud 
06102;06;Rimplas 
06103;06;Roquebillière 
06104;06;Roquebrune-Cap-Martin
06105;06;Roquefort-les-Pins
06106;06;Roquestéron 
06107;06;La Roque-en-Provence 
06108;06;La Roquette-sur-Siagne
06110;06;Roubion 
06111;06;Roure 
06112;06;Le Rouret
06113;06;Sainte-Agnès
06114;06;Saint-André-de-la-Roche
06115;06;Saint-Antonin 
06116;06;Saint-Auban 
06118;06;Saint-Cézaire-sur-Siagne 
06119;06;Saint-Dalmas-le-Selvage 
06120;06;Saint-Étienne-de-Tinée 
06121;06;Saint-Jean-Cap-Ferrat
06122;06;Saint-Jeannet
06123;06;Saint-Laurent-du-Var
06124;06;Saint-Léger 
06127;06;Saint-Martin-Vésubie 
06128;06;Saint-Paul-de-Vence
06129;06;Saint-Sauveur-sur-Tinée 
06130;06;Saint-Vallier-de-Thiey 
06133;06;Sauze 
06134;06;Séranon 
06135;06;Sigale 
06136;06;Sospel 
06137;06;Spéracèdes
06138;06;Théoule-sur-Mer
06139;06;Thiéry 
06140;06;Le Tignet
06141;06;Toudon 
06142;06;Touët-de-l'Escarène 
06143;06;Touët-sur-Var 
06144;06;La Tour 
06145;06;Tourette-du-Château 
06146;06;Tournefort 
06147;06;Tourrette-Levens
06148;06;Tourrettes-sur-Loup
06149;06;La Trinité
06150;06;La Turbie
06151;06;Utelle 
06152;06;Valbonne
06153;06;Valdeblore 
06154;06;Valderoure 
06155;06;Vallauris
06156;06;Venanson 
06157;06;Vence
06158;06;Villars-sur-Var 
06159;06;Villefranche-sur-Mer
06160;06;Villeneuve-d'Entraunes 
06161;06;Villeneuve-Loubet
07023;07;Balazuc 
07031;07;Berrias-et-Casteljau 
07033;07;Bessas 
07050;07;Chambonas 
07052;07;Champis 
07053;07;Chandolas 
07113;07;Labastide-de-Virac 
07133;07;Larnas 
07171;07;Payzac 
07190;07;Rochecolombe 
07201;07;Ruoms 
07207;07;Saint-Alban-Auriolles 
07208;07;Saint-Andéol-de-Berg 
07211;07;Saint-André-de-Cruzières 
07268;07;Saint-Martin-d'Ardèche 
07272;07;Saint-Maurice-d'Ardèche 
09032;09;Ax-les-Thermes 
13001;13;Aix-en-Provence
13002;13;Allauch
13004;13;Arles
13005;13;Aubagne
13007;13;Auriol
13009;13;La Barben
13010;13;Barbentane
13012;13;Beaurecueil
13014;13;Berre-l'Étang
13015;13;Bouc-Bel-Air
13016;13;La Bouilladisse
13018;13;Cabannes
13019;13;Cabriès
13020;13;Cadolive
13023;13;Ceyreste
13025;13;Châteauneuf-le-Rouge
13026;13;Châteauneuf-les-Martigues
13027;13;Châteaurenard
13028;13;La Ciotat
13031;13;La Destrousse
13032;13;Éguilles
13034;13;Eygalières
13036;13;Eyragues
13039;13;Fos-sur-Mer
13040;13;Fuveau
13041;13;Gardanne
13042;13;Gémenos
13043;13;Gignac-la-Nerthe
13044;13;Grans
13045;13;Graveson
13046;13;Gréasque
13047;13;Istres
13052;13;Maillane
13054;13;Marignane
13055;13;Marseille
13056;13;Martigues
13060;13;Meyreuil
13062;13;Mimet
13063;13;Miramas
13064;13;Mollégès
13066;13;Noves
13069;13;Pélissanne
13070;13;La Penne-sur-Huveaune
13071;13;Les Pennes-Mirabeau
13072;13;Peynier
13073;13;Peypin
13075;13;Plan-de-Cuques
13076;13;Plan-d'Orgon
13077;13;Port-de-Bouc
13081;13;Rognac
13083;13;Rognonas
13086;13;Roquevaire
13087;13;Rousset
13089;13;Saint-Andiol
13092;13;Saint-Chamas
13095;13;Saint-Marc-Jaumegarde
13098;13;Saint-Mitre-les-Remparts
13101;13;Saint-Savournin
13102;13;Saint-Victoret
13103;13;Salon-de-Provence
13106;13;Septèmes-les-Vallons
13107;13;Simiane-Collongue
13109;13;Le Tholonet
13110;13;Trets
13112;13;Velaux
13113;13;Venelles
13114;13;Ventabren
13116;13;Verquières
13117;13;Vitrolles
14042;14;Baron-sur-Odon
14068;14;Biéville-Beuville
14101;14;Bretteville-sur-Odon
14118;14;Caen
14137;14;Carpiquet
14167;14;Colombelles
14181;14;Cormelles-le-Royal
14215;14;Cuverville
14221;14;Démouville
14242;14;Épron
14271;14;Fleury-sur-Orne
14274;14;Fontaine-Étoupefour
14301;14;Giberville
14311;14;Grainville-sur-Odon
14319;14;Grentheville
14327;14;Hérouville-Saint-Clair
14341;14;Ifs
14437;14;Mondeville
14438;14;Mondrainville
14454;14;Mouen
14543;14;Rots
14587;14;Saint-Germain-la-Blanche-Herbe
14707;14;Tourville-sur-Odon
14738;14;Verson
17010;17;Angoulins
17028;17;Aytré
17094;17;Châtelaillon-Plage
17142;17;Dompierre-sur-Mer
17190;17;L'Houmeau
17200;17;Lagord
17264;17;Nieul-sur-Mer
17274;17;Périgny
17291;17;Puilboreau
17300;17;La Rochelle
17420;17;Salles-sur-Mer
2A001;2A;Afa
2A004;2A;Ajaccio
2A006;2A;Alata
2A008 ;2A ;Albitreccia 
2A011 ;2A ;Altagène 
2A014 ;2A ;Ambiegna 
2A017;2A;Appietto
2A018 ;2A ;Arbellara 
2A019 ;2A ;Arbori 
2A021 ;2A ;Argiusta-Moriccio 
2A022 ;2A ;Arro 
2A024 ;2A ;Aullène 
2A026 ;2A ;Azilone-Ampaza 
2A027 ;2A ;Azzana 
2A028 ;2A ;Balogna 
2A031 ;2A ;Bastelica 
2A032 ;2A ;Bastelicaccia 
2A035 ;2A ;Belvédère-Campomoro 
2A038 ;2A ;Bilia 
2A040 ;2A ;Bocognano 
2A041 ;2A ;Bonifacio 
2A048 ;2A ;Calcatoggio 
2A056 ;2A ;Campo 
2A060 ;2A ;Cannelle 
2A061 ;2A ;Carbini 
2A062 ;2A ;Carbuccia 
2A064 ;2A ;Cardo-Torgia 
2A065 ;2A ;Cargèse 
2A066 ;2A ;Cargiaca 
2A070 ;2A ;Casaglione 
2A071 ;2A ;Casalabriva 
2A085 ;2A ;Cauro 
2A089 ;2A ;Ciamannacce 
2A090 ;2A ;Coggia 
2A091 ;2A ;Cognocoli-Monticchi 
2A092 ;2A ;Conca 
2A094 ;2A ;Corrano 
2A098 ;2A ;Coti-Chiavari 
2A099 ;2A ;Cozzano 
2A100 ;2A ;Cristinacce 
2A103 ;2A ;Cuttoli-Corticchiato 
2A104 ;2A ;Eccica-Suarella 
2A108 ;2A ;Évisa 
2A114 ;2A ;Figari 
2A115 ;2A ;Foce 
2A117 ;2A ;Forciolo 
2A118 ;2A ;Fozzano 
2A119 ;2A ;Frasseto 
2A127 ;2A ;Giuncheto 
2A128 ;2A ;Granace 
2A129 ;2A ;Grossa 
2A130 ;2A ;Grosseto-Prugna 
2A131 ;2A ;Guagno 
2A132 ;2A ;Guargualé 
2A133 ;2A ;Guitera-les-Bains 
2A139 ;2A ;Lecci 
2A141 ;2A ;Letia 
2A142 ;2A ;Levie 
2A144 ;2A ;Lopigna 
2A146 ;2A ;Loreto-di-Tallano 
2A154 ;2A ;Marignana 
2A158 ;2A ;Mela 
2A160 ;2A ;Moca-Croce 
2A163 ;2A ;Monacia-d'Aullène 
2A174 ;2A ;Murzo 
2A181 ;2A ;Ocana 
2A186 ;2A ;Olivese 
2A189 ;2A ;Olmeto 
2A191 ;2A ;Olmiccia 
2A196 ;2A ;Orto 
2A197 ;2A ;Osani 
2A198 ;2A ;Ota 
2A200 ;2A ;Palneca 
2A203 ;2A ;Partinello 
2A204 ;2A ;Pastricciola 
2A209 ;2A ;Peri 
2A211 ;2A ;Petreto-Bicchisano 
2A212 ;2A ;Piana 
2A215 ;2A ;Pianottoli-Caldarello 
2A228 ;2A ;Pietrosella 
2A232 ;2A ;Pila-Canale 
2A240 ;2A ;Poggiolo 
2A247 ;2A ;Porto-Vecchio 
2A249 ;2A ;Propriano 
2A253 ;2A ;Quasquara 
2A254 ;2A ;Quenza 
2A258 ;2A ;Renno 
2A259 ;2A ;Rezza 
2A262 ;2A ;Rosazia 
2A266 ;2A ;Salice 
2A268 ;2A ;Sampolo 
2A269 ;2A ;Sari-Solenzara 
2A270 ;2A ;Sari-d'Orcino 
2A271;2A;Sarrola-Carcopino
2A272 ;2A ;Sartène 
2A276 ;2A ;Serra-di-Ferro 
2A278 ;2A ;Serra-di-Scopamène 
2A279 ;2A ;Serriera 
2A282 ;2A ;Soccia 
2A284 ;2A ;Sollacaro 
2A285 ;2A ;Sorbollano 
2A288 ;2A ;Sotta 
2A295 ;2A ;Sant'Andréa-d'Orcino 
2A300 ;2A ;San-Gavino-di-Carbini 
2A308 ;2A ;Sainte-Lucie-de-Tallano 
2A310 ;2A ;Santa-Maria-Figaniella 
2A312 ;2A ;Santa-Maria-Siché 
2A322 ;2A ;Tasso 
2A323 ;2A ;Tavaco 
2A324 ;2A ;Tavera 
2A326 ;2A ;Tolla 
2A330 ;2A ;Ucciani 
2A331 ;2A ;Urbalacone 
2A336 ;2A ;Valle-di-Mezzana 
2A345 ;2A ;Vero 
2A348 ;2A ;Vico 
2A349 ;2A ;Viggianello 
2A351 ;2A ;Villanova 
2A357 ;2A ;Zérubia 
2A358 ;2A ;Zévaco 
2A359 ;2A ;Zicavo 
2A360 ;2A ;Zigliara 
2A362 ;2A ;Zonza 
2A363 ;2A ;Zoza 
2B002 ;2B ;Aghione 
2B003 ;2B ;Aiti 
2B005 ;2B ;Alando 
2B007 ;2B ;Albertacce 
2B009 ;2B ;Aléria 
2B010 ;2B ;Algajola 
2B012 ;2B ;Altiani 
2B013 ;2B ;Alzi 
2B015 ;2B ;Ampriani 
2B016 ;2B ;Antisanti 
2B020 ;2B ;Aregno 
2B023 ;2B ;Asco 
2B025 ;2B ;Avapessa 
2B029 ;2B ;Barbaggio 
2B030 ;2B ;Barrettali 
2B033;2B;Bastia
2B034 ;2B ;Belgodère 
2B036 ;2B ;Bigorno 
2B037;2B;Biguglia
2B042 ;2B ;Borgo 
2B043;2B;Brando
2B045 ;2B ;Bustanico 
2B046 ;2B ;Cagnano 
2B047 ;2B ;Calacuccia 
2B049 ;2B ;Calenzana 
2B050 ;2B ;Calvi 
2B051 ;2B ;Cambia 
2B052 ;2B ;Campana 
2B053 ;2B ;Campi 
2B054 ;2B ;Campile 
2B055 ;2B ;Campitello 
2B057 ;2B ;Canale-di-Verde 
2B058 ;2B ;Canari 
2B059 ;2B ;Canavaggia 
2B063 ;2B ;Carcheto-Brustico 
2B067 ;2B ;Carpineto 
2B068 ;2B ;Carticasi 
2B072 ;2B ;Casalta 
2B073 ;2B ;Casamaccioli 
2B074 ;2B ;Casanova 
2B075 ;2B ;Casevecchie 
2B077 ;2B ;Castellare-di-Casinca 
2B078 ;2B ;Castellare-di-Mercurio 
2B079 ;2B ;Castello-di-Rostino 
2B080 ;2B ;Castifao 
2B081 ;2B ;Castiglione 
2B082 ;2B ;Castineta 
2B083 ;2B ;Castirla 
2B084 ;2B ;Cateri 
2B086 ;2B ;Centuri 
2B087 ;2B ;Cervione 
2B088 ;2B ;Chiatra 
2B093 ;2B ;Corbara 
2B095 ;2B ;Corscia 
2B096 ;2B ;Corte 
2B097 ;2B ;Costa 
2B101 ;2B ;Croce 
2B102 ;2B ;Crocicchia 
2B105 ;2B ;Erbajolo 
2B106 ;2B ;Érone 
2B107 ;2B ;Ersa 
2B109 ;2B ;Farinole 
2B110 ;2B ;Favalello 
2B111 ;2B ;Felce 
2B112 ;2B ;Feliceto 
2B113 ;2B ;Ficaja 
2B116 ;2B ;Focicchia 
2B120;2B;Furiani
2B121 ;2B ;Galéria 
2B122 ;2B ;Gavignano 
2B123 ;2B ;Ghisonaccia 
2B124 ;2B ;Ghisoni 
2B126 ;2B ;Giuncaggio 
2B134 ;2B ;L'Île-Rousse 
2B135 ;2B ;Isolaccio-di-Fiumorbo 
2B136 ;2B ;Lama 
2B137 ;2B ;Lano 
2B138 ;2B ;Lavatoggio 
2B140 ;2B ;Lento 
2B143 ;2B ;Linguizzetta 
2B145 ;2B ;Loreto-di-Casinca 
2B147 ;2B ;Lozzi 
2B148 ;2B ;Lucciana 
2B149 ;2B ;Lugo-di-Nazza 
2B150 ;2B ;Lumio 
2B152 ;2B ;Luri 
2B153 ;2B ;Manso 
2B155 ;2B ;Matra 
2B156 ;2B ;Mausoléo 
2B157 ;2B ;Mazzola 
2B159 ;2B ;Meria 
2B161 ;2B ;Moïta 
2B162 ;2B ;Moltifao 
2B164 ;2B ;Monacia-d'Orezza 
2B165 ;2B ;Moncale 
2B166 ;2B ;Monte 
2B167 ;2B ;Montegrosso 
2B168 ;2B ;Monticello 
2B169 ;2B ;Morosaglia 
2B170 ;2B ;Morsiglia 
2B171 ;2B ;Muracciole 
2B172 ;2B ;Murato 
2B173 ;2B ;Muro 
2B175 ;2B ;Nessa 
2B176 ;2B ;Nocario 
2B177 ;2B ;Noceta 
2B178 ;2B ;Nonza 
2B179 ;2B ;Novale 
2B180 ;2B ;Novella 
2B182 ;2B ;Occhiatana 
2B183 ;2B ;Ogliastro 
2B184 ;2B ;Olcani 
2B185 ;2B ;Oletta 
2B187 ;2B ;Olmeta-di-Capocorso 
2B188 ;2B ;Olmeta-di-Tuda 
2B190 ;2B ;Olmi-Cappella 
2B192 ;2B ;Olmo 
2B193 ;2B ;Omessa 
2B194 ;2B ;Ortale 
2B195 ;2B ;Ortiporio 
2B199 ;2B ;Palasca 
2B201 ;2B ;Pancheraccia 
2B202 ;2B ;Parata 
2B205 ;2B ;Patrimonio 
2B206 ;2B ;Penta-Acquatella 
2B207 ;2B ;Penta-di-Casinca 
2B210 ;2B ;Pero-Casevecchie 
2B213 ;2B ;Pianello 
2B214 ;2B ;Piano 
2B216 ;2B ;Piazzali 
2B217 ;2B ;Piazzole 
2B218 ;2B ;Piedicorte-di-Gaggio 
2B219 ;2B ;Piedicroce 
2B220 ;2B ;Piedigriggio 
2B221 ;2B ;Piedipartino 
2B222 ;2B ;Pie-d'Orezza 
2B223 ;2B ;Pietralba 
2B224 ;2B ;Pietracorbara 
2B225 ;2B ;Pietra-di-Verde 
2B226 ;2B ;Pietraserena 
2B227 ;2B ;Pietricaggio 
2B229 ;2B ;Pietroso 
2B230 ;2B ;Piève 
2B231 ;2B ;Pigna 
2B233 ;2B ;Pino 
2B234 ;2B ;Piobetta 
2B235 ;2B ;Pioggiola 
2B236 ;2B ;Poggio-di-Nazza 
2B238 ;2B ;Poggio-di-Venaco 
2B239 ;2B ;Poggio-d'Oletta 
2B241 ;2B ;Poggio-Marinaccio 
2B242 ;2B ;Poggio-Mezzana 
2B243 ;2B ;Polveroso 
2B244 ;2B ;Popolasca 
2B245 ;2B ;Porri 
2B246 ;2B ;La Porta 
2B248 ;2B ;Prato-di-Giovellina 
2B250 ;2B ;Prunelli-di-Casacconi 
2B251 ;2B ;Prunelli-di-Fiumorbo 
2B252 ;2B ;Pruno 
2B255 ;2B ;Quercitello 
2B256 ;2B ;Rapaggio 
2B257 ;2B ;Rapale 
2B260 ;2B ;Riventosa 
2B261 ;2B ;Rogliano 
2B263 ;2B ;Rospigliani 
2B267 ;2B ;Saliceto 
2B273 ;2B ;Scata 
2B274 ;2B ;Scolca 
2B275 ;2B ;Sermano 
2B277 ;2B ;Serra-di-Fiumorbo 
2B280 ;2B ;Silvareccio 
2B281 ;2B ;Sisco 
2B283 ;2B ;Solaro 
2B286 ;2B ;Sorbo-Ocagnano 
2B287 ;2B ;Sorio 
2B289 ;2B ;Soveria 
2B290 ;2B ;Speloncato 
2B291 ;2B ;Stazzona 
2B292 ;2B ;Sant'Andréa-di-Bozio 
2B293 ;2B ;Sant'Andréa-di-Cotone 
2B296 ;2B ;Sant'Antonino 
2B297 ;2B ;San-Damiano 
2B298 ;2B ;Saint-Florent 
2B299 ;2B ;San-Gavino-d'Ampugnani 
2B301 ;2B ;San-Gavino-di-Tenda 
2B302 ;2B ;San-Giovanni-di-Moriani 
2B303 ;2B ;San-Giuliano 
2B304 ;2B ;San-Lorenzo 
2B305;2B;San-Martino-di-Lota
2B306 ;2B ;Santa-Lucia-di-Mercurio 
2B307 ;2B ;Santa-Lucia-di-Moriani 
2B309;2B;Santa-Maria-di-Lota
2B311 ;2B ;Santa-Maria-Poggio 
2B313 ;2B ;San-Nicolao 
2B314 ;2B ;Santo-Pietro-di-Tenda 
2B315 ;2B ;Santo-Pietro-di-Venaco 
2B316 ;2B ;Santa-Reparata-di-Balagna 
2B317 ;2B ;Santa-Reparata-di-Moriani 
2B318 ;2B ;Taglio-Isolaccio 
2B319 ;2B ;Talasani 
2B320 ;2B ;Tallone 
2B321 ;2B ;Tarrano 
2B327 ;2B ;Tomino 
2B328 ;2B ;Tox 
2B329 ;2B ;Tralonca 
2B332 ;2B ;Urtaca 
2B333 ;2B ;Vallecalle 
2B334 ;2B ;Valle-d'Alesani 
2B335 ;2B ;Valle-di-Campoloro 
2B337 ;2B ;Valle-di-Rostino 
2B338 ;2B ;Valle-d'Orezza 
2B339 ;2B ;Vallica 
2B340 ;2B ;Velone-Orneto 
2B341 ;2B ;Venaco 
2B342 ;2B ;Ventiseri 
2B343 ;2B ;Venzolasca 
2B344 ;2B ;Verdèse 
2B347 ;2B ;Vezzani 
2B350 ;2B ;Vignale 
2B352 ;2B ;Ville-di-Paraso 
2B353;2B;Ville-di-Pietrabugno
2B354 ;2B ;Vivario 
2B355 ;2B ;Volpajola 
2B356 ;2B ;Zalana 
2B361 ;2B ;Zilia 
2B364 ;2B ;Zuani 
2B365 ;2B ;San-Gavino-di-Fiumorbo 
2B366 ;2B ;Chisa 
30004;30;Aigues-Vives
30011;30;Les Angles
30019;30;Aubais
30036;30;Bernis
30060;30;Caissargues
30075;30;Caveirac
30117;30;Fourques
30123;30;Gallargues-le-Montueux
30156;30;Marguerittes
30169;30;Milhaud
30189;30;Nîmes
30333;30;Uchaud
30347;30;Vestric-et-Candiac
30351;30;Villeneuve-lès-Avignon
30356;30;Rodilhan
31022;31;Aucamville
31032;31;Aussonne
31035;31;Auzeville-Tolosane
31044;31;Balma
31053;31;Beaupuy
31056;31;Beauzelle
31057;31;Belberaud
31069;31;Blagnac
31079;31;Bouloc
31088;31;Brax
31091;31;Bruguières
31113;31;Castanet-Tolosan
31116;31;Castelginest
31117;31;Castelmaurou
31118;31;Castelnau-d'Estrétefonds
31136;31;Cépet
31149;31;Colomiers
31150;31;Cornebarrieu
31157;31;Cugnaux
31160;31;Daux
31161;31;Deyme
31165;31;Eaunes
31169;31;Escalquens
31182;31;Fenouillet
31186;31;Fonbeauzard
31187;31;Fonsorbes
31188;31;Fontenilles
31203;31;Frouzins
31205;31;Gagnac-sur-Garonne
31230;31;Gratentour
31248;31;Labarthe-sur-Lèze
31252;31;Labastide-Saint-Sernin
31254;31;Labège
31259;31;Lacroix-Falgarde
31273;31;Lapeyrouse-Fossat
31282;31;Launaguet
31291;31;Léguevin
31293;31;Lespinasse
31340;31;Mervilla
31351;31;Mondonville
31352;31;Mondouzil
31364;31;Montberon
31389;31;Montrabé
31395;31;Muret
31409;31;Péchabou
31410;31;Pechbonnieu
31411;31;Pechbusque
31417;31;Pibrac
31420;31;Pinsaguel
31421;31;Pins-Justaret
31424;31;Plaisance-du-Touch
31429;31;Pompertuzat
31433;31;Portet-sur-Garonne
31445;31;Quint-Fonsegrives
31446;31;Ramonville-Saint-Agne
31458;31;Roques
31460;31;Roquettes
31462;31;Rouffiac-Tolosan
31467;31;Saint-Alban
31484;31;Saint-Geniès-Bellevue
31488;31;Saint-Jean
31490;31;Saint-Jory
31497;31;Saint-Loup-Cammas
31506;31;Saint-Orens-de-Gameville
31515;31;Saint-Rustice
31516;31;Saint-Sauveur
31526;31;La Salvetat-Saint-Gilles
31533;31;Saubens
31541;31;Seilh
31547;31;Seysses
31555;31;Toulouse
31557;31;Tournefeuille
31561;31;L'Union
31563;31;Vacquiers
31575;31;Vieille-Toulouse
31578;31;Vigoulet-Auzil
31580;31;Villate
31587;31;Villeneuve-lès-Bouloc
31588;31;Villeneuve-Tolosane
33003;33;Ambarès-et-Lagrave
33009;33;Arcachon
33013;33;Artigues-près-Bordeaux
33015;33;Arveyres
33018;33;Val de Virvée
33032;33;Bassens
33033;33;Baurech
33039;33;Bègles
33049;33;Beychac-et-Caillau
33056;33;Blanquefort
33061;33;Bonnetan
33063;33;Bordeaux
33065;33;Bouliac
33069;33;Le Bouscat
33075;33;Bruges
33079;33;Cadarsac
33080;33;Cadaujac
33084;33;Cambes
33085;33;Camblanes-et-Meynac
33090;33;Canéjan
33096;33;Carbon-Blanc
33099;33;Carignan-de-Bordeaux
33118;33;Cénac
33119;33;Cenon
33122;33;Cestas
33143;33;Cubzac-les-Ponts
33162;33;Eysines
33165;33;Fargues-Saint-Hilaire
33167;33;Floirac
33192;33;Gradignan
33199;33;Gujan-Mestras
33200;33;Le Haillan
33207;33;Izon
33226;33;Langoiran
33234;33;Latresne
33238;33;Léognan
33241;33;Lestiac-sur-Garonne
33245;33;Lignan-de-Bordeaux
33249;33;Lormont
33273;33;Martignas-sur-Jalle
33274;33;Martillac
33281;33;Mérignac
33293;33;Montussan
33303;33;Nérigean
33311;33;Paillet
33312;33;Parempuyre
33318;33;Pessac
33322;33;Le Pian-Médoc
33330;33;Pompignac
33339;33;Prignac-et-Marcamps
33349;33;Quinsac
33363;33;Sadirac
33366;33;Saint-André-de-Cubzac
33376;33;Saint-Aubin-de-Médoc
33381;33;Saint-Caprais-de-Bordeaux
33397;33;Sainte-Eulalie
33415;33;Saint-Gervais
33422;33;Saint-Jean-d'Illac
33425;33;Saint-Laurent-d'Arce
33433;33;Saint-Loubès
33448;33;Saint-Médard-d'Eyrans
33449;33;Saint-Médard-en-Jalles
33466;33;Saint-Quentin-de-Baron
33483;33;Saint-Sulpice-et-Cameyrac
33487;33;Saint-Vincent-de-Paul
33496;33;Sallebœuf
33518;33;Tabanac
33519;33;Le Taillan-Médoc
33522;33;Talence
33527;33;Le Teich
33529;33;La Teste-de-Buch
33534;33;Le Tourne
33535;33;Tresses
33539;33;Vayres
33550;33;Villenave-d'Ornon
33553;33;Virsac
33554;33;Yvrac
34014;34;Assas
34023;34;Balaruc-les-Bains
34024;34;Balaruc-le-Vieux
34057;34;Castelnau-le-Lez
34077;34;Clapiers
34090;34;Le Crès
34095;34;Fabrègues
34108;34;Frontignan
34113;34;Gigean
34116;34;Grabels
34120;34;Jacou
34123;34;Juvignac
34129;34;Lattes
34134;34;Lavérune
34145;34;Lunel
34146;34;Lunel-Viel
34151;34;Marsillargues
34165;34;Montbazin
34169;34;Montferrier-sur-Lez
34172;34;Montpellier
34198;34;Pérols
34213;34;Poussan
34217;34;Prades-le-Lez
34247;34;Saint-Clément-de-Rivière
34255;34;Saint-Gély-du-Fesc
34270;34;Saint-Jean-de-Védas
34272;34;Saint-Just
34280;34;Saint-Nazaire-de-Pézan
34290;34;Saint-Vincent-de-Barbeyrargues
34295;34;Saussan
34301;34;Sète
34309;34;Teyran
34327;34;Vendargues
34337;34;Villeneuve-lès-Maguelone
34340;34;Villetelle
35024;35;Betton
35047;35;Bruz
35051;35;Cesson-Sévigné
35055;35;Chantepie
35059;35;La Chapelle-des-Fougeretz
35066;35;Chartres-de-Bretagne
35173;35;Melesse
35189;35;Montgermont
35206;35;Noyal-Châtillon-sur-Seiche
35210;35;Pacé
35238;35;Rennes
35278;35;Saint-Grégoire
35281;35;Saint-Jacques-de-la-Lande
35334;35;Thorigné-Fouillard
35353;35;Vezin-le-Coquet
35363;35;Pont-Péan
38045;38;Biviers
38057;38;Bresson
38070;38;Le Champ-près-Froges
38071;38;Champ-sur-Drac
38087;38;Chasse-sur-Rhône
38111;38;Claix
38126;38;Corenc
38150;38;Domène
38151;38;Échirolles
38158;38;Eybens
38169;38;Fontaine
38170;38;Fontanil-Cornillon
38175;38;Froges
38179;38;Gières
38185;38;Grenoble
38200;38;Jarrie
38229;38;Meylan
38249;38;Montbonnot-Saint-Martin
38271;38;Murianette
38281;38;Noyarey
38303;38;La Pierre
38309;38;Poisat
38317;38;Le Pont-de-Claix
38382;38;Saint-Égrève
38397;38;Saint-Ismier
38421;38;Saint-Martin-d'Hères
38423;38;Saint-Martin-le-Vinoux
38431;38;Saint-Nazaire-les-Eymes
38474;38;Sassenage
38485;38;Seyssinet-Pariset
38486;38;Seyssins
38501;38;Tencin
38516;38;La Tronche
38524;38;Varces-Allières-et-Risset
38533;38;Venon
38538;38;Le Versoud
38540;38;Veurey-Voroize
38547;38;Villard-Bonnot
38565;38;Voreppe
40248;40;Saint-André-de-Seignanx
40273;40;Saint-Martin-de-Seignanx
40312;40;Tarnos
44009;44;Basse-Goulaine
44010;44;Batz-sur-Mer
44018;44;Bouaye
44020;44;Bouguenais
44026;44;Carquefou
44035;44;La Chapelle-sur-Erdre
44047;44;Couëron
44049;44;Le Croisic
44052;44;Donges
44055;44;La Baule-Escoublac
44069;44;Guérande
44071;44;Haute-Goulaine
44074;44;Indre
44101;44;La Montagne
44103;44;Montoir-de-Bretagne
44109;44;Nantes
44114;44;Orvault
44126;44;La Plaine-sur-Mer
44130;44;Pont-Saint-Martin
44132;44;Pornichet
44135;44;Le Pouliguen
44136;44;Préfailles
44143;44;Rezé
44150;44;Saint-Aignan-Grandlieu
44151;44;Saint-André-des-Eaux
44154;44;Saint-Brevin-les-Pins
44162;44;Saint-Herblain
44166;44;Saint-Jean-de-Boiseau
44168;44;Saint-Joachim
44172;44;Sainte-Luce-sur-Loire
44176;44;Saint-Malo-de-Guersac
44182;44;Saint-Michel-Chef-Chef
44184;44;Saint-Nazaire
44190;44;Saint-Sébastien-sur-Loire
44194;44;Sautron
44198;44;Les Sorinières
44204;44;Thouaré-sur-Loire
44210;44;Trignac
44215;44;Vertou
45034;45;Boigny-sur-Bionne
45075;45;La Chapelle-Saint-Mesmin
45089;45;Chécy
45100;45;Combleux
45147;45;Fleury-les-Aubrais
45169;45;Ingré
45194;45;Mardié
45232;45;Olivet
45234;45;Orléans
45235;45;Ormes
45272;45;Saint-Cyr-en-Val
45274;45;Saint-Denis-en-Val
45282;45;Saint-Hilaire-Saint-Mesmin
45284;45;Saint-Jean-de-Braye
45285;45;Saint-Jean-de-la-Ruelle
45286;45;Saint-Jean-le-Blanc
45298;45;Saint-Pryvé-Saint-Mesmin
45302;45;Saran
45308;45;Semoy
59009;59;Villeneuve-d'Ascq
59013;59;Anstaing
59034;59;Avelin
59044;59;Baisieux
59090;59;Bondues
59098;59;Bousbecque
59128;59;Capinghem
59146;59;Chéreng
59152;59;Comines
59163;59;Croix
59193;59;Emmerin
59195;59;Englos
59220;59;Faches-Thumesnil
59247;59;Forest-sur-Marque
59275;59;Gruson
59278;59;Hallennes-lez-Haubourdin
59279;59;Halluin
59286;59;Haubourdin
59299;59;Hem
59328;59;Lambersart
59332;59;Lannoy
59339;59;Leers
59343;59;Lesquin
59346;59;Lezennes
59350;59;Lille
59352;59;Linselles
59356;59;Lompret
59360;59;Loos
59367;59;Lys-lez-Lannoy
59368;59;La Madeleine
59378;59;Marcq-en-Barœul
59386;59;Marquette-lez-Lille
59410;59;Mons-en-Barœul
59421;59;Mouvaux
59426;59;Neuville-en-Ferrain
59437;59;Noyelles-lès-Seclin
59457;59;Pérenchies
59470;59;Prémesques
59482;59;Quesnoy-sur-Deûle
59507;59;Ronchin
59508;59;Roncq
59512;59;Roubaix
59522;59;Sailly-lez-Lannoy
59527;59;Saint-André-lez-Lille
59553;59;Santes
59560;59;Seclin
59566;59;Sequedin
59585;59;Templemars
59598;59;Toufflers
59599;59;Tourcoing
59602;59;Tressin
59609;59;Vendeville
59611;59;Verlinghem
59636;59;Wambrechies
59643;59;Warneton
59646;59;Wasquehal
59648;59;Wattignies
59650;59;Wattrelos
59656;59;Wervicq-Sud
59660;59;Willems
60013;60;Angicourt
60074;60;Blaincourt-lès-Précy
60102;60;Brenouille
60134;60;Cauffry
60154;60;Cinqueux
60173;60;Cramoisy
60175;60;Creil
60342;60;Laigneville
60360;60;Liancourt
60404;60;Mogneville
60406;60;Monceaux
60409;60;Monchy-Saint-Éloi
60414;60;Montataire
60463;60;Nogent-sur-Oise
60513;60;Précy-sur-Oise
60524;60;Rantigny
60539;60;Rieux
60584;60;Saint-Leu-d'Esserent
60589;60;Saint-Maximin
60635;60;Thiverny
60670;60;Verneuil-en-Halatte
60684;60;Villers-Saint-Paul
60686;60;Villers-sous-Saint-Leu
64009;64;Ahetze
64024;64;Anglet
64035;64;Arbonne
64038;64;Arcangues
64065;64;Ascain
64100;64;Bassussarry
64102;64;Bayonne
64122;64;Biarritz
64125;64;Bidart
64130;64;Biriatou
64140;64;Boucau
64160;64;Cambo-les-Bains
64189;64;Ciboure
64213;64;Espelette
64249;64;Guéthary
64255;64;Halsou
64260;64;Hendaye
64282;64;Jatxou
64304;64;Lahonce
64317;64;Larressore
64407;64;Mouguerre
64483;64;Saint-Jean-de-Luz
64496;64;Saint-Pierre-d'Irube
64540;64;Urcuit
64545;64;Urrugne
64547;64;Ustaritz
64558;64;Villefranque
66002;66;Alénya
66008;66;Argelès-sur-Mer
66053;66;Collioure
66059;66;Corneilla-del-Vercol
66065;66;Elne
66093;66;Laroque-des-Albères
66094;66;Latour-Bas-Elne
66133;66;Palau-del-Vidre
66148;66;Port-Vendres
66168;66;Saint-André
66171;66;Saint-Cyprien
66196;66;Sorède
66208;66;Théza
66225;66;Villelongue-dels-Monts
67001;67;Achenheim
67043;67;Bischheim
67118;67;Eckbolsheim
67131;67;Eschau
67137;67;Fegersheim
67204;67;Hœnheim
67218;67;Illkirch-Graffenstaden
67256;67;Lampertheim
67267;67;Lingolsheim
67268;67;Lipsheim
67296;67;Mittelhausbergen
67309;67;Mundolsheim
67326;67;Niederhausbergen
67343;67;Oberhausbergen
67350;67;Oberschaeffolsheim
67365;67;Ostwald
67378;67;Plobsheim
67389;67;Reichstett
67447;67;Schiltigheim
67471;67;Souffelweyersheim
67482;67;Strasbourg
67506;67;Vendenheim
67551;67;Wolfisheim
69003;69;Albigny-sur-Saône
69005;69;Ambérieux
69009;69;Anse
69013;69;Arnas
69020;69;Belmont-d'Azergues
69027;69;Brignais
69028;69;Brindas
69029;69;Bron
69033;69;Cailloux-sur-Fontaines
69034;69;Caluire-et-Cuire
69040;69;Champagne-au-Mont-d'Or
69043;69;Chaponost
69044;69;Charbonnières-les-Bains
69046;69;Charly
69047;69;Charnay
69049;69;Chasselay
69052;69;Chazay-d'Azergues
69055;69;Les Chères
69059;69;Civrieux-d'Azergues
69061;69;Cogny
69063;69;Collonges-au-Mont-d'Or
69068;69;Couzon-au-Mont-d'Or
69069;69;Craponne
69071;69;Curis-au-Mont-d'Or
69072;69;Dardilly
69074;69;Denicé
69076;69;Dommartin
69081;69;Écully
69085;69;Fleurieu-sur-Saône
69087;69;Fontaines-Saint-Martin
69088;69;Fontaines-sur-Saône
69089;69;Francheville
69091;69;Givors
69092;69;Gleizé
69094;69;Grézieu-la-Varenne
69096;69;Grigny
69100;69;Irigny
69105;69;Lacenas
69106;69;Lachassagne
69112;69;Lentilly
69115;69;Limas
69116;69;Limonest
69117;69;Lissieu
69118;69;Loire-sur-Rhône
69121;69;Lozanne
69122;69;Lucenay
69123;69;Lyon
69125;69;Marcilly-d'Azergues
69126;69;Marcy
69127;69;Marcy-l'Étoile
69131;69;Messimy
69133;69;Millery
69136;69;Montagny
69140;69;Morancé
69142;69;La Mulatière
69143;69;Neuville-sur-Saône
69148;69;Orliénas
69149;69;Oullins
69152;69;Pierre-Bénite
69156;69;Pommiers
69159;69;Porte des Pierres Dorées
69168;69;Rochetaillée-sur-Saône
69190;69;Sainte-Consorce
69191;69;Saint-Cyr-au-Mont-d'Or
69194;69;Saint-Didier-au-Mont-d'Or
69199;69;Saint-Fons
69202;69;Sainte-Foy-lès-Lyon
69204;69;Saint-Genis-Laval
69205;69;Saint-Genis-les-Ollières
69212;69;Saint-Jean-des-Vignes
69233;69;Saint-Romain-au-Mont-d'Or
69241;69;Taluyers
69244;69;Tassin-la-Demi-Lune
69249;69;Thurins
69250;69;La Tour-de-Salvagny
69255;69;Vaugneray
69256;69;Vaulx-en-Velin
69259;69;Vénissieux
69260;69;Vernaison
69264;69;Villefranche-sur-Saône
69266;69;Villeurbanne
69268;69;Vourles
69270;69;Chaponnay
69271;69;Chassieu
69272;69;Communay
69273;69;Corbas
69275;69;Décines-Charpieu
69276;69;Feyzin
69277;69;Genas
69278;69;Genay
69281;69;Marennes
69282;69;Meyzieu
69283;69;Mions
69284;69;Montanay
69286;69;Rillieux-la-Pape
69290;69;Saint-Priest
69291;69;Saint-Symphorien-d'Ozon
69292;69;Sathonay-Camp
69293;69;Sathonay-Village
69294;69;Sérézin-du-Rhône
69296;69;Solaize
69297;69;Ternay
69298;69;Toussieu
73008;73;Aix-les-Bains
73017;73;Apremont
73029;73;Barberaz
73030;73;Barby
73031;73;Bassens
73050;73;Bourdeau
73051;73;Le Bourget-du-Lac
73059;73;Brison-Saint-Innocent
73064;73;Challes-les-Eaux
73065;73;Chambéry
73084;73;Chignin
73087;73;Cognin
73103;73;Drumettaz-Clarafond
73128;73;Grésy-sur-Aix
73137;73;Jacob-Bellecombette
73151;73;Porte-de-Savoie
73155;73;Méry
73160;73;Montagnole
73179;73;La Motte-Servolex
73182;73;Mouxy
73183;73;Myans
73208;73;Pugny-Chatenod
73213;73;La Ravoire
73222;73;Saint-Alban-Leysse
73225;73;Saint-Baldoph
73228;73;Saint-Cassin
73243;73;Saint-Jean-d'Arvey
73249;73;Saint-Jeoire-Prieuré
73288;73;Sonnaz
73300;73;Tresserve
73301;73;Trévignin
73310;73;Verel-Pragondran
73326;73;Vimines
73328;73;Viviers-du-Lac
73329;73;Voglans
74005;74;Allinges
74007;74;Amancy
74008;74;Ambilly
74010;74;Annecy
74012;74;Annemasse
74013;74;Anthy-sur-Léman
74016;74;Archamps
74018;74;Arenthon
74019;74;Argonay
74020;74;Armoy
74021;74;Arthaz-Pont-Notre-Dame
74024;74;Ayse
74026;74;La Balme-de-Sillingy
74037;74;Boëge
74040;74;Bonne
74042;74;Bonneville
74044;74;Bossey
74064;74;Châtillon-sur-Cluses
74067;74;Chavanod
74072;74;Chevaline
74081;74;Cluses
74082;74;Collonges-sous-Salève
74087;74;Contamine-sur-Arve
74090;74;Cornier
74094;74;Cranves-Sales
74104;74;Doussard
74108;74;Duingt
74112;74;Epagny Metz-Tessy
74116;74;Etaux
74118;74;Étrembières
74119;74;Évian-les-Bains
74121;74;Excenevex
74122;74;Faucigny
74128;74;Fillinges
74133;74;Gaillard
74147;74;Lathuile
74152;74;Lovagny
74153;74;Lucinges
74154;74;Lugrin
74162;74;Marcellaz
74163;74;Margencel
74164;74;Marignier
74166;74;Marin
74169;74;Marnaz
74172;74;Maxilly-sur-Léman
74185;74;Monnetier-Mornex
74197;74;Nangy
74200;74;Neuvecelle
74201;74;Neydens
74209;74;Peillonnex
74211;74;Pers-Jussy
74213;74;Poisy
74218;74;Publier
74220;74;Reignier-Ésery
74224;74;La Roche-sur-Foron
74226;74;Saint-André-de-Boëge
74240;74;Saint-Jean-de-Tholome
74242;74;Saint-Jorioz
74243;74;Saint-Julien-en-Genevois
74244;74;Saint-Laurent
74250;74;Saint-Pierre-en-Faucigny
74253;74;Saint-Sixt
74262;74;Scientrier
74263;74;Sciez
74264;74;Scionzier
74267;74;Sevrier
74272;74;Sillingy
74278;74;Thyez
74281;74;Thonon-les-Bains
74298;74;Vétraz-Monthoux
74304;74;Ville-en-Sallaz
74305;74;Ville-la-Grand
74311;74;Viuz-en-Sallaz
74312;74;Vougy
75056;75;Paris
77018;77;Bailly-Romainvilliers
77039;77;Boissise-la-Bertrand
77040;77;Boissise-le-Roi
77055;77;Brou-sur-Chantereine
77058;77;Bussy-Saint-Georges
77059;77;Bussy-Saint-Martin
77062;77;Carnetin
77067;77;Cesson
77075;77;Chalifert
77083;77;Champs-sur-Marne
77085;77;Chanteloup-en-Brie
77108;77;Chelles
77111;77;Chessy
77121;77;Collégien
77122;77;Combs-la-Ville
77124;77;Conches-sur-Gondoire
77125;77;Condé-Sainte-Libiaire
77128;77;Couilly-Pont-aux-Dames
77132;77;Coupvray
77139;77;Courtry
77141;77;Coutevroult
77142;77;Crécy-la-Chapelle
77143;77;Crégy-lès-Meaux
77146;77;Croissy-Beaubourg
77152;77;Dammarie-les-Lys
77155;77;Dampmart
77169;77;Émerainville
77171;77;Esbly
77181;77;Ferrières-en-Brie
77209;77;Gouvernes
77221;77;Guermantes
77232;77;Isles-lès-Villenoy
77243;77;Lagny-sur-Marne
77249;77;Lésigny
77251;77;Lieusaint
77255;77;Livry-sur-Seine
77258;77;Lognes
77268;77;Magny-le-Hongre
77276;77;Mareuil-lès-Meaux
77284;77;Meaux
77285;77;Le Mée-sur-Seine
77288;77;Melun
77291;77;Le Mesnil-Amelot
77294;77;Mitry-Mory
77296;77;Moissy-Cramayel
77307;77;Montévrain
77315;77;Montry
77326;77;Nandy
77330;77;Nanteuil-lès-Meaux
77337;77;Noisiel
77350;77;Ozoir-la-Ferrière
77369;77;Poincy
77372;77;Pomponne
77373;77;Pontault-Combault
77378;77;Pringy
77382;77;Quincy-Voisins
77389;77;La Rochette
77390;77;Roissy-en-Brie
77394;77;Rubelles
77407;77;Saint-Fargeau-Ponthierry
77413;77;Saint-Germain-sur-Morin
77438;77;Saint-Thibault-des-Vignes
77445;77;Savigny-le-Temple
77449;77;Serris
77450;77;Servon
77464;77;Thorigny-sur-Marne
77468;77;Torcy
77475;77;Trilport
77479;77;Vaires-sur-Marne
77487;77;Vaux-le-Pénil
77495;77;Vert-Saint-Denis
77513;77;Villenoy
77514;77;Villeparisis
77521;77;Villiers-sur-Morin
77529;77;Voulangis
78005;78;Achères
78015;78;Andrésy
78031;78;Auffreville-Brasseuil
78050;78;Bazoches-sur-Guyonne
78073;78;Bois-d'Arcy
78092;78;Bougival
78117;78;Buc
78118;78;Buchelay
78123;78;Carrières-sous-Poissy
78124;78;Carrières-sur-Seine
78126;78;La Celle-Saint-Cloud
78133;78;Chambourcy
78138;78;Chanteloup-les-Vignes
78140;78;Chapet
78146;78;Chatou
78158;78;Le Chesnay-Rocquencourt
78160;78;Chevreuse
78165;78;Les Clayes-sous-Bois
78168;78;Coignières
78172;78;Conflans-Sainte-Honorine
78190;78;Croissy-sur-Seine
78208;78;Élancourt
78224;78;L'Étang-la-Ville
78227;78;Évecquemont
78239;78;Follainville-Dennemont
78242;78;Fontenay-le-Fleury
78261;78;Gaillon-sur-Montcient
78267;78;Gargenville
78297;78;Guyancourt
78299;78;Hardricourt
78311;78;Houilles
78314;78;Issou
78321;78;Jouars-Pontchartrain
78322;78;Jouy-en-Josas
78327;78;Juziers
78335;78;Limay
78343;78;Les Loges-en-Josas
78350;78;Louveciennes
78354;78;Magnanville
78356;78;Magny-les-Hameaux
78358;78;Maisons-Laffitte
78361;78;Mantes-la-Jolie
78362;78;Mantes-la-Ville
78367;78;Mareil-Marly
78372;78;Marly-le-Roi
78382;78;Maurecourt
78383;78;Maurepas
78384;78;Médan
78396;78;Le Mesnil-le-Roi
78397;78;Le Mesnil-Saint-Denis
78401;78;Meulan-en-Yvelines
78403;78;Mézy-sur-Seine
78418;78;Montesson
78423;78;Montigny-le-Bretonneux
78440;78;Les Mureaux
78442;78;Neauphle-le-Château
78443;78;Neauphle-le-Vieux
78466;78;Orgeval
78481;78;Le Pecq
78490;78;Plaisir
78498;78;Poissy
78501;78;Porcheville
78502;78;Le Port-Marly
78545;78;Saint-Cyr-l'École
78550;78;Saint-Germain-de-la-Grange
78551;78;Saint-Germain-en-Laye
78575;78;Saint-Rémy-lès-Chevreuse
78576;78;Saint-Rémy-l'Honoré
78586;78;Sartrouville
78609;78;Tessancourt-sur-Aubette
78621;78;Trappes
78623;78;Le Tremblay-sur-Mauldre
78624;78;Triel-sur-Seine
78638;78;Vaux-sur-Seine
78640;78;Vélizy-Villacoublay
78642;78;Verneuil-sur-Seine
78643;78;Vernouillet
78644;78;La Verrière
78646;78;Versailles
78647;78;Vert
78650;78;Le Vésinet
78672;78;Villennes-sur-Seine
78674;78;Villepreux
78683;78;Villiers-Saint-Frédéric
78686;78;Viroflay
78688;78;Voisins-le-Bretonneux
82075;82;Grisolles
82142;82;Pompignan
83004;83;Les Arcs
83009;83;Bandol
83016;83;Le Beausset
83017;83;Belgentier
83027;83;La Cadière-d'Azur
83034;83;Carqueiranne
83035;83;Le Castellet
83047;83;La Crau
83049;83;Cuers
83050;83;Draguignan
83053;83;Évenos
83054;83;La Farlède
83058;83;Flayosc
83061;83;Fréjus
83062;83;La Garde
83069;83;Hyères
83085;83;La Motte
83086;83;Le Muy
83090;83;Ollioules
83098;83;Le Pradet
83099;83;Puget-sur-Argens
83103;83;Le Revest-les-Eaux
83112;83;Saint-Cyr-sur-Mer
83118;83;Saint-Raphaël
83120;83;Saint-Zacharie
83123;83;Sanary-sur-Mer
83126;83;La Seyne-sur-Mer
83129;83;Six-Fours-les-Plages
83130;83;Solliès-Pont
83131;83;Solliès-Toucas
83132;83;Solliès-Ville
83137;83;Toulon
83141;83;Trans-en-Provence
83144;83;La Valette-du-Var
83153;83;Saint-Mandrier-sur-Mer
84001;84;Althen-des-Paluds
84004;84;Aubignan
84007;84;Avignon
84012;84;Beaumes-de-Venise
84013;84;Beaumettes
84016;84;Bédarrides
84025;84;Cabrières-d'Avignon
84027;84;Caderousse
84030;84;Caromb
84031;84;Carpentras
84035;84;Cavaillon
84036;84;Châteauneuf-de-Gadagne
84038;84;Cheval-Blanc
84039;84;Courthézon
84043;84;Entraigues-sur-la-Sorgue
84050;84;Gordes
84051;84;Goult
84054;84;L'Isle-sur-la-Sorgue
84055;84;Jonquerettes
84056;84;Jonquières
84062;84;Lagnes
84067;84;Loriol-du-Comtat
84071;84;Maubec
84072;84;Mazan
84073;84;Ménerbes
84077;84;Modène
84080;84;Monteux
84081;84;Morières-lès-Avignon
84086;84;Oppède
84087;84;Orange
84088;84;Pernes-les-Fontaines
84092;84;Le Pontet
84099;84;Robion
84108;84;Saint-Didier
84114;84;Saint-Pantaléon
84119;84;Saint-Saturnin-lès-Avignon
84122;84;Sarrians
84124;84;Saumane-de-Vaucluse
84129;84;Sorgues
84131;84;Taillades
84132;84;Le Thor
84139;84;Fontaine-de-Vaucluse
84141;84;Vedène
84142;84;Velleron
91021;91;Arpajon
91027;91;Athis-Mons
91044;91;Ballainvilliers
91064;91;Bièvres
91086;91;Bondoufle
91097;91;Boussy-Saint-Antoine
91103;91;Brétigny-sur-Orge
91105;91;Breuillet
91106;91;Breux-Jouy
91114;91;Brunoy
91115;91;Bruyères-le-Châtel
91122;91;Bures-sur-Yvette
91136;91;Champlan
91161;91;Chilly-Mazarin
91174;91;Corbeil-Essonnes
91179;91;Le Coudray-Montceaux
91191;91;Crosne
91201;91;Draveil
91204;91;Écharcon
91207;91;Égly
91215;91;Épinay-sous-Sénart
91216;91;Épinay-sur-Orge
91225;91;Étiolles
91228;91;Évry-Courcouronnes
91235;91;Fleury-Mérogis
91244;91;Fontenay-le-Vicomte
91272;91;Gif-sur-Yvette
91275;91;Gometz-le-Châtel
91286;91;Grigny
91312;91;Igny
91326;91;Juvisy-sur-Orge
91333;91;Leuville-sur-Orge
91339;91;Linas
91340;91;Lisses
91345;91;Longjumeau
91347;91;Longpont-sur-Orge
91363;91;Marcoussis
91377;91;Massy
91386;91;Mennecy
91421;91;Montgeron
91425;91;Montlhéry
91432;91;Morangis
91434;91;Morsang-sur-Orge
91435;91;Morsang-sur-Seine
91457;91;La Norville
91458;91;Nozay
91461;91;Ollainville
91468;91;Ormoy
91471;91;Orsay
91477;91;Palaiseau
91479;91;Paray-Vieille-Poste
91494;91;Le Plessis-Pâté
91514;91;Quincy-sous-Sénart
91521;91;Ris-Orangis
91534;91;Saclay
91538;91;Saint-Aubin
91549;91;Sainte-Geneviève-des-Bois
91552;91;Saint-Germain-lès-Arpajon
91553;91;Saint-Germain-lès-Corbeil
91570;91;Saint-Michel-sur-Orge
91573;91;Saint-Pierre-du-Perray
91577;91;Saintry-sur-Seine
91581;91;Saint-Yon
91587;91;Saulx-les-Chartreux
91589;91;Savigny-sur-Orge
91600;91;Soisy-sur-Seine
91631;91;Varennes-Jarcy
91635;91;Vauhallan
91645;91;Verrières-le-Buisson
91657;91;Vigneux-sur-Seine
91659;91;Villabé
91661;91;Villebon-sur-Yvette
91665;91;La Ville-du-Bois
91666;91;Villejust
91667;91;Villemoisson-sur-Orge
91679;91;Villiers-le-Bâcle
91685;91;Villiers-sur-Orge
91687;91;Viry-Châtillon
91689;91;Wissous
91691;91;Yerres
91692;91;Les Ulis
92002;92;Antony
92004;92;Asnières-sur-Seine
92007;92;Bagneux
92009;92;Bois-Colombes
92012;92;Boulogne-Billancourt
92014;92;Bourg-la-Reine
92019;92;Châtenay-Malabry
92020;92;Châtillon
92022;92;Chaville
92023;92;Clamart
92024;92;Clichy
92025;92;Colombes
92026;92;Courbevoie
92032;92;Fontenay-aux-Roses
92033;92;Garches
92035;92;La Garenne-Colombes
92036;92;Gennevilliers
92040;92;Issy-les-Moulineaux
92044;92;Levallois-Perret
92046;92;Malakoff
92047;92;Marnes-la-Coquette
92048;92;Meudon
92049;92;Montrouge
92050;92;Nanterre
92051;92;Neuilly-sur-Seine
92060;92;Le Plessis-Robinson
92062;92;Puteaux
92063;92;Rueil-Malmaison
92064;92;Saint-Cloud
92071;92;Sceaux
92072;92;Sèvres
92073;92;Suresnes
92075;92;Vanves
92076;92;Vaucresson
92077;92;Ville-d'Avray
92078;92;Villeneuve-la-Garenne
93001;93;Aubervilliers
93005;93;Aulnay-sous-Bois
93006;93;Bagnolet
93007;93;Le Blanc-Mesnil
93008;93;Bobigny
93010;93;Bondy
93013;93;Le Bourget
93014;93;Clichy-sous-Bois
93015;93;Coubron
93027;93;La Courneuve
93029;93;Drancy
93030;93;Dugny
93031;93;Épinay-sur-Seine
93032;93;Gagny
93033;93;Gournay-sur-Marne
93039;93;L'Île-Saint-Denis
93045;93;Les Lilas
93046;93;Livry-Gargan
93047;93;Montfermeil
93048;93;Montreuil
93049;93;Neuilly-Plaisance
93050;93;Neuilly-sur-Marne
93051;93;Noisy-le-Grand
93053;93;Noisy-le-Sec
93055;93;Pantin
93057;93;Les Pavillons-sous-Bois
93059;93;Pierrefitte-sur-Seine
93061;93;Le Pré-Saint-Gervais
93062;93;Le Raincy
93063;93;Romainville
93064;93;Rosny-sous-Bois
93066;93;Saint-Denis
93070;93;Saint-Ouen-sur-Seine
93071;93;Sevran
93072;93;Stains
93073;93;Tremblay-en-France
93074;93;Vaujours
93077;93;Villemomble
93078;93;Villepinte
93079;93;Villetaneuse
94001;94;Ablon-sur-Seine
94002;94;Alfortville
94003;94;Arcueil
94004;94;Boissy-Saint-Léger
94011;94;Bonneuil-sur-Marne
94015;94;Bry-sur-Marne
94016;94;Cachan
94017;94;Champigny-sur-Marne
94018;94;Charenton-le-Pont
94019;94;Chennevières-sur-Marne
94021;94;Chevilly-Larue
94022;94;Choisy-le-Roi
94028;94;Créteil
94033;94;Fontenay-sous-Bois
94034;94;Fresnes
94037;94;Gentilly
94038;94;L'Haÿ-les-Roses
94041;94;Ivry-sur-Seine
94042;94;Joinville-le-Pont
94043;94;Le Kremlin-Bicêtre
94044;94;Limeil-Brévannes
94046;94;Maisons-Alfort
94047;94;Mandres-les-Roses
94048;94;Marolles-en-Brie
94052;94;Nogent-sur-Marne
94053;94;Noiseau
94054;94;Orly
94055;94;Ormesson-sur-Marne
94056;94;Périgny
94058;94;Le Perreux-sur-Marne
94059;94;Le Plessis-Trévise
94060;94;La Queue-en-Brie
94065;94;Rungis
94067;94;Saint-Mandé
94068;94;Saint-Maur-des-Fossés
94069;94;Saint-Maurice
94070;94;Santeny
94071;94;Sucy-en-Brie
94073;94;Thiais
94074;94;Valenton
94075;94;Villecresnes
94076;94;Villejuif
94077;94;Villeneuve-le-Roi
94078;94;Villeneuve-Saint-Georges
94079;94;Villiers-sur-Marne
94080;94;Vincennes
94081;94;Vitry-sur-Seine
95014;95;Andilly
95018;95;Argenteuil
95019;95;Arnouville
95039;95;Auvers-sur-Oise
95051;95;Beauchamp
95060;95;Bessancourt
95063;95;Bezons
95088;95;Bonneuil-en-France
95091;95;Bouffémont
95120;95;Butry-sur-Oise
95127;95;Cergy
95134;95;Champagne-sur-Oise
95176;95;Cormeilles-en-Parisis
95183;95;Courdimanche
95197;95;Deuil-la-Barre
95199;95;Domont
95203;95;Eaubonne
95205;95;Écouen
95210;95;Enghien-les-Bains
95211;95;Ennery
95212;95;Épiais-lès-Louvres
95218;95;Éragny
95219;95;Ermont
95229;95;Ézanville
95252;95;Franconville
95256;95;Frépillon
95257;95;La Frette-sur-Seine
95268;95;Garges-lès-Gonesse
95277;95;Gonesse
95280;95;Goussainville
95288;95;Groslay
95306;95;Herblay-sur-Seine
95313;95;L'Isle-Adam
95323;95;Jouy-le-Moutier
95369;95;Margency
95392;95;Mériel
95394;95;Méry-sur-Oise
95424;95;Montigny-lès-Cormeilles
95426;95;Montlignon
95427;95;Montmagny
95428;95;Montmorency
95446;95;Nesles-la-Vallée
95450;95;Neuville-sur-Oise
95476;95;Osny
95480;95;Parmain
95488;95;Pierrelaye
95489;95;Piscop
95491;95;Le Plessis-Bouchard
95500;95;Pontoise
95510;95;Puiseux-Pontoise
95527;95;Roissy-en-France
95539;95;Saint-Brice-sous-Forêt
95555;95;Saint-Gratien
95563;95;Saint-Leu-la-Forêt
95572;95;Saint-Ouen-l'Aumône
95574;95;Saint-Prix
95582;95;Sannois
95585;95;Sarcelles
95598;95;Soisy-sous-Montmorency
95607;95;Taverny
95612;95;Le Thillay
95628;95;Valmondois
95633;95;Vaudherland
95637;95;Vauréal
95678;95;Villiers-Adam
95680;95;Villiers-le-Bel
97101;971;Les Abymes
97103;971;Baie-Mahault
97113;971;Le Gosier
97115;971;Lamentin
97116;971;Morne-à-l'Eau
97117;971;Le Moule
97118;971;Petit-Bourg
97119;971;Petit-Canal
97120;971;Pointe-à-Pitre
97125;971;Saint-François
97128;971;Sainte-Anne
97205;972;Case-Pilote
97207;972;Ducos
97209;972;Fort-de-France
97210;972;Le François
97212;972;Gros-Morne
97217;972;Le Marin
97220;972;Rivière-Pilote
97221;972;Rivière-Salée
97222;972;Le Robert
97223;972;Saint-Esprit
97224;972;Saint-Joseph
97226;972;Sainte-Anne
97227;972;Sainte-Luce
97229;972;Schœlcher
97232;972;Le Vauclin
97302;973;Cayenne
97307;973;Matoury
97309;973;Remire-Montjoly
97403;974;Entre-Deux
97407;974;Le Port
97408;974;La Possession
97411;974;Saint-Denis
97414;974;Saint-Louis
97415;974;Saint-Paul
97416;974;Saint-Pierre
97418;974;Sainte-Marie
97422;974;Le Tampon